/*
SQLyog 企业版 - MySQL GUI v8.14 
MySQL - 5.5.20 : Database - jfinalcodecreate
*********************************************************************
*/

/*!40101 SET NAMES utf8 */;

/*!40101 SET SQL_MODE=''*/;

/*!40014 SET @OLD_UNIQUE_CHECKS=@@UNIQUE_CHECKS, UNIQUE_CHECKS=0 */;
/*!40014 SET @OLD_FOREIGN_KEY_CHECKS=@@FOREIGN_KEY_CHECKS, FOREIGN_KEY_CHECKS=0 */;
/*!40101 SET @OLD_SQL_MODE=@@SQL_MODE, SQL_MODE='NO_AUTO_VALUE_ON_ZERO' */;
/*!40111 SET @OLD_SQL_NOTES=@@SQL_NOTES, SQL_NOTES=0 */;
CREATE DATABASE /*!32312 IF NOT EXISTS*/`jfinalcodecreate` /*!40100 DEFAULT CHARACTER SET utf8 */;

USE `jfinalcodecreate`;

/*Table structure for table `config_basic_extend_info` */

DROP TABLE IF EXISTS `config_basic_extend_info`;

CREATE TABLE `config_basic_extend_info` (
  `ID` varchar(32) DEFAULT NULL,
  `CONFIG_BASIC_INFO_ID` varchar(32) DEFAULT NULL,
  `FIELD_ENGLISH_NAME` varchar(64) DEFAULT NULL,
  `FIRSTLOW_ENGLISH_NAME` varchar(100) DEFAULT NULL,
  `FIELD_DESCRIBE` varchar(200) DEFAULT NULL,
  `FIELD_TYPE` varchar(40) DEFAULT NULL,
  `IS_TALBE_DISPLAY` varchar(5) DEFAULT NULL,
  `IS_CREATE_DISPLAY` varchar(5) DEFAULT NULL,
  `CONTROL_TYPE` varchar(30) DEFAULT NULL,
  `IS_NEED` varchar(200) DEFAULT NULL,
  `IS_COMPOSITOR` varchar(10) DEFAULT NULL,
  `DISPLAY_SEQUENCE` int(11) DEFAULT NULL,
  `OBJECT_ATTRIBUTE_NAME` varchar(50) DEFAULT NULL,
  `DEL_FLAG` varchar(2) DEFAULT NULL,
  `CREATE_DATE` datetime DEFAULT NULL,
  `IS_PK` varchar(5) DEFAULT NULL,
  `OBJECT_ATTRIBUTE_TYPE` varchar(50) DEFAULT NULL,
  `OBJECT_ATTRIBUTE_METHOD_NAME` varchar(50) DEFAULT NULL,
  `CONDITION_INFO` varchar(500) DEFAULT NULL,
  `IS_SEARCH` varchar(5) DEFAULT NULL
) ENGINE=InnoDB DEFAULT CHARSET=utf8;

/*Data for the table `config_basic_extend_info` */

LOCK TABLES `config_basic_extend_info` WRITE;

insert  into `config_basic_extend_info`(`ID`,`CONFIG_BASIC_INFO_ID`,`FIELD_ENGLISH_NAME`,`FIRSTLOW_ENGLISH_NAME`,`FIELD_DESCRIBE`,`FIELD_TYPE`,`IS_TALBE_DISPLAY`,`IS_CREATE_DISPLAY`,`CONTROL_TYPE`,`IS_NEED`,`IS_COMPOSITOR`,`DISPLAY_SEQUENCE`,`OBJECT_ATTRIBUTE_NAME`,`DEL_FLAG`,`CREATE_DATE`,`IS_PK`,`OBJECT_ATTRIBUTE_TYPE`,`OBJECT_ATTRIBUTE_METHOD_NAME`,`CONDITION_INFO`,`IS_SEARCH`) values ('4b88b830aca143699da23d374f5896e3','8e281699d9de4aa0a38399d448d01161','id',NULL,'ID',NULL,'false','false','text','true',NULL,0,NULL,NULL,NULL,'false',NULL,NULL,NULL,'false'),('252d7028f5124a51a464414c1c2b19d7','8e281699d9de4aa0a38399d448d01161','form_name',NULL,'表单名称',NULL,'true','true','select','true',NULL,1,NULL,NULL,NULL,'false',NULL,NULL,NULL,'true'),('219d05279d3e4181af3312e146f1c6f3','8e281699d9de4aa0a38399d448d01161','qybz',NULL,'启用标志',NULL,'true','true','radio','true',NULL,2,NULL,NULL,NULL,'false',NULL,NULL,NULL,'true'),('906f7fe1d76a4d4f9638f7e8d30311df','8e281699d9de4aa0a38399d448d01161','orderList',NULL,'排序号',NULL,'true','true','checkbox','true',NULL,3,NULL,NULL,NULL,'false',NULL,NULL,NULL,'false'),('48aaec7974c4453ca8db0a400c7f1cec','8e281699d9de4aa0a38399d448d01161','type_id',NULL,'类型ID',NULL,'false','false','text','true',NULL,4,NULL,NULL,NULL,'false',NULL,NULL,NULL,'false'),('612b8b56a4f64bc9a3a2c33579c09463','8e281699d9de4aa0a38399d448d01161','ctime',NULL,'创建时间',NULL,'true','true','date','true',NULL,5,NULL,NULL,NULL,'false',NULL,NULL,NULL,'false'),('18e500a9bcb3426393598dff5bd4ec85','196a75db72db4068a8a1e547e715b891','ID',NULL,'ID',NULL,'false','false','text','true',NULL,0,NULL,NULL,NULL,'false',NULL,NULL,NULL,'false'),('edf226c7e845473787cd83907f4c0431','196a75db72db4068a8a1e547e715b891','cardholder',NULL,'持卡人',NULL,'true','true','text','true',NULL,1,NULL,NULL,NULL,'false',NULL,NULL,NULL,'true'),('e8f528f38dcb477484b869d346ab8cec','196a75db72db4068a8a1e547e715b891','bank_name',NULL,'银行类型',NULL,'true','true','text','true',NULL,2,NULL,NULL,NULL,'false',NULL,NULL,NULL,'false'),('8d568c47ffc6426782ed42e3c876e5e0','196a75db72db4068a8a1e547e715b891','bank_no',NULL,'银行卡号',NULL,'true','true','text','true',NULL,3,NULL,NULL,NULL,'false',NULL,NULL,NULL,'true'),('796c9e57f375465496d6fb02c66a949c','196a75db72db4068a8a1e547e715b891','bank_sub_branch',NULL,'开户行支行名称',NULL,'true','true','text','true',NULL,4,NULL,NULL,NULL,'false',NULL,NULL,NULL,'true'),('67729958341d4d1e8afa9a502c6d609c','196a75db72db4068a8a1e547e715b891','member_id',NULL,'会员ID',NULL,'false','false','text','true',NULL,5,NULL,NULL,NULL,'false',NULL,NULL,NULL,'false'),('700a2a4a72114cd5abc29be96e566242','196a75db72db4068a8a1e547e715b891','is_default',NULL,'是否默认',NULL,'true','true','select','true',NULL,6,NULL,NULL,NULL,'false',NULL,NULL,NULL,'false'),('7f0938f0015b4be49d79d7ad0142e1e0','7c600175cfef44a482283561952bea44','ID',NULL,'id',NULL,'false','false','text','true',NULL,0,NULL,NULL,NULL,'false',NULL,NULL,NULL,'false'),('825f8ceef125452088917436cbe7ffd0','7c600175cfef44a482283561952bea44','CITY_ID',NULL,'城市id',NULL,'true','true','text','true',NULL,1,NULL,NULL,NULL,'false',NULL,NULL,NULL,'false'),('d56ab7b092284ee099278c218a2a08b2','7c600175cfef44a482283561952bea44','NAME',NULL,'名称',NULL,'true','true','text','true',NULL,2,NULL,NULL,NULL,'false',NULL,NULL,NULL,'false'),('54fb4b51e46d44d78dce79ecb6a71319','7c600175cfef44a482283561952bea44','STATUS',NULL,'状态',NULL,'true','true','checkbox','true',NULL,3,NULL,NULL,NULL,'false',NULL,NULL,NULL,'false'),('270537d9cccf4c25b61cce0ced431805','7c600175cfef44a482283561952bea44','PAY_MODE',NULL,'支付方式',NULL,'true','true','select','true',NULL,4,NULL,NULL,NULL,'false',NULL,NULL,NULL,'false'),('f3cd6fc193c44024bc6c752e9ad8c352','7c600175cfef44a482283561952bea44','ORDER_NO',NULL,'排序号',NULL,'true','true','text','true',NULL,5,NULL,NULL,NULL,'false',NULL,NULL,NULL,'false'),('ad6a4c641102476aa96c9ce33f8aad05','ad9ca6aad8254d8a875a18250994b0df','ID',NULL,'id',NULL,'true','true','text','true',NULL,0,NULL,NULL,NULL,'false',NULL,NULL,NULL,'false'),('ff8efdf7b165449d935dc5258e9bca29','ad9ca6aad8254d8a875a18250994b0df','NAME',NULL,'123',NULL,'true','true','text','true',NULL,1,NULL,NULL,NULL,'false',NULL,NULL,NULL,'false'),('ac0424fc0cae4d6e83836201bd6246de','ad9ca6aad8254d8a875a18250994b0df','VALUE',NULL,'213',NULL,'true','true','text','true',NULL,2,NULL,NULL,NULL,'false',NULL,NULL,NULL,'false'),('6e380f85d12c4a0db8d3462ff4473b39','ad9ca6aad8254d8a875a18250994b0df','CATALOG_NAME',NULL,'213',NULL,'true','true','text','true',NULL,3,NULL,NULL,NULL,'false',NULL,NULL,NULL,'false'),('ee8988f68865493f9300e003f76ead57','ad9ca6aad8254d8a875a18250994b0df','ORDER_NO',NULL,'213',NULL,'true','true','text','true',NULL,4,NULL,NULL,NULL,'false',NULL,NULL,NULL,'false'),('06246d1a761245c3bd89f7377172932d','ad9ca6aad8254d8a875a18250994b0df','HIDE_FLAG',NULL,'0显示（默认），1隐藏',NULL,'true','true','text','true',NULL,5,NULL,NULL,NULL,'false',NULL,NULL,NULL,'false'),('129c22787d9b43578d9cc514bfdcb2ac','0cbd5d507d78459eb2273dbc14db440e','ID','id','ID',NULL,'true','true','text','true',NULL,0,NULL,NULL,NULL,'false',NULL,NULL,NULL,'false'),('da984319e9734149ac8dbf597ae79dd0','0cbd5d507d78459eb2273dbc14db440e','DELIVERY_NAME','deliveryName','发货点名称',NULL,'true','true','text','true',NULL,1,NULL,NULL,NULL,'false',NULL,NULL,NULL,'false'),('ba6321071dc146a9b19a3d77402b7e1f','0cbd5d507d78459eb2273dbc14db440e','DELIVERY_PROVINCE','deliveryProvince','省',NULL,'true','true','text','true',NULL,2,NULL,NULL,NULL,'false',NULL,NULL,NULL,'false'),('785529768a364657900754dc45df8d9a','0cbd5d507d78459eb2273dbc14db440e','DELIVERY_CITY','deliveryCity','市',NULL,'true','true','text','true',NULL,3,NULL,NULL,NULL,'false',NULL,NULL,NULL,'false'),('2df1195990d64ef29e349ae172cb6212','0cbd5d507d78459eb2273dbc14db440e','DELIVERY_AREA','deliveryArea','区',NULL,'true','true','text','true',NULL,4,NULL,NULL,NULL,'false',NULL,NULL,NULL,'false'),('bacd888b4776444189095a028b26c550','0cbd5d507d78459eb2273dbc14db440e','DELIVERY_ADDRESS','deliveryAddress','地址',NULL,'true','true','text','true',NULL,5,NULL,NULL,NULL,'false',NULL,NULL,NULL,'false'),('2c779e969e1b4f3fb3a2d53d46e09cff','0cbd5d507d78459eb2273dbc14db440e','DELIVERY_ZIPCODE','deliveryZipcode','邮编',NULL,'true','true','text','true',NULL,6,NULL,NULL,NULL,'false',NULL,NULL,NULL,'false'),('01cbbcf7fbfe4df0a891124e859f4e77','0cbd5d507d78459eb2273dbc14db440e','DELIVERY_PEOPLE','deliveryPeople','联系人',NULL,'true','true','text','true',NULL,7,NULL,NULL,NULL,'false',NULL,NULL,NULL,'false'),('6fefe9caa33c45419aa3a2f07504cb87','0cbd5d507d78459eb2273dbc14db440e','DELIVERY_PHONE','deliveryPhone','联系人号码',NULL,'true','true','text','true',NULL,8,NULL,NULL,NULL,'false',NULL,NULL,NULL,'false'),('641c4da822d0447787820a1a6014469d','ecbe934e67b646e4b810a64a7e9e884d','ID','id','ID',NULL,'false','false','text','true',NULL,0,NULL,NULL,NULL,'false',NULL,NULL,NULL,'false'),('d30f851dacc54177a986e1d42b6b6715','ecbe934e67b646e4b810a64a7e9e884d','PAYKIND_NAME','paykindName','名称',NULL,'true','true','text','true',NULL,1,NULL,NULL,NULL,'false',NULL,NULL,NULL,'false'),('2c52cc1a6ad146119407fc378933fc29','ecbe934e67b646e4b810a64a7e9e884d','PAYKIND_TYPENAME','paykindTypename','方式',NULL,'true','true','text','true',NULL,2,NULL,NULL,NULL,'false',NULL,NULL,NULL,'false'),('5de0f3dd7ed443049700d08d9c057662','ecbe934e67b646e4b810a64a7e9e884d','PAYKIND_STATUS','paykindStatus','启用标志',NULL,'true','true','text','true',NULL,3,NULL,NULL,NULL,'false',NULL,NULL,NULL,'false'),('b7f2f78931b74ca9a85df46503489846','ecbe934e67b646e4b810a64a7e9e884d','PAYKIND_REMARK','paykindRemark','介绍',NULL,'true','true','text','true',NULL,4,NULL,NULL,NULL,'false',NULL,NULL,NULL,'false'),('4eff60c4dc34475f8371f38ee7d479ff','ecbe934e67b646e4b810a64a7e9e884d','PAYKIND_ORDERLIST','paykindOrderlist','排序号',NULL,'true','true','text','true',NULL,5,NULL,NULL,NULL,'false',NULL,NULL,NULL,'false'),('90d22f56ffab40869ec0d391c5343064','63706f07dae54adab3c5a553d761c8f5','ID','id','ID',NULL,'false','false','text','true',NULL,0,NULL,NULL,NULL,'false',NULL,NULL,NULL,'false'),('2a3350338425400bb3c5b4e8476e9778','63706f07dae54adab3c5a553d761c8f5','HYMXBM','hymxbm','行业明细编码',NULL,'true','true','text','true',NULL,1,NULL,NULL,NULL,'false',NULL,NULL,NULL,'false'),('6b34f4b553694819b5de5279386bb518','63706f07dae54adab3c5a553d761c8f5','HYMXMC','hymxmc','行业明细名称',NULL,'true','true','text','true',NULL,2,NULL,NULL,NULL,'false',NULL,NULL,NULL,'false'),('2ca876f6a7ba437d9b86b8b6f220f773','63706f07dae54adab3c5a553d761c8f5','HYMXJC','hymxjc','行业明细简称',NULL,'true','true','text','true',NULL,3,NULL,NULL,NULL,'false',NULL,NULL,NULL,'false'),('7631520a215d410687d2357f07d267ae','63706f07dae54adab3c5a553d761c8f5','STATUS','status','状态',NULL,'true','true','text','true',NULL,4,NULL,NULL,NULL,'false',NULL,NULL,NULL,'false'),('1a1e3bacebd94d9996898706174d3e16','26bbe85dd0f94e70800edef4366279f7','ID','id','ID',NULL,'false','false','text','true',NULL,0,NULL,NULL,NULL,'false',NULL,NULL,NULL,'false'),('9901e1e00a1d4d45a46553868c42cab8','26bbe85dd0f94e70800edef4366279f7','PARENT_ID','parentId','PARENT_ID',NULL,'false','false','text','true',NULL,1,NULL,NULL,NULL,'false',NULL,NULL,NULL,'false'),('8962bdd17ead43bd9b63d8c75ede8ecf','26bbe85dd0f94e70800edef4366279f7','USER_ID','userId','USER_ID',NULL,'false','false','text','true',NULL,2,NULL,NULL,NULL,'false',NULL,NULL,NULL,'false'),('7b4e792cc21c4b998b3f5bad523d63f0','26bbe85dd0f94e70800edef4366279f7','CODE','code','订单编号',NULL,'true','true','text','true',NULL,3,NULL,NULL,NULL,'false',NULL,NULL,NULL,'false'),('06e1a9946c5547b4afcb71b1514ca1e6','26bbe85dd0f94e70800edef4366279f7','ORDER_USER_ID','orderUserId','会员帐号ID',NULL,'false','false','text','true',NULL,4,NULL,NULL,NULL,'false',NULL,NULL,NULL,'false'),('40ccffd50130465b837334bf080f4fdc','26bbe85dd0f94e70800edef4366279f7','ORDER_DATE','orderDate','订单日期',NULL,'true','true','text','true',NULL,5,NULL,NULL,NULL,'false',NULL,NULL,NULL,'false'),('94346f00dcec4206b0cd755021626edd','26bbe85dd0f94e70800edef4366279f7','ORDER_FROM','orderFrom','ORDER_FROM',NULL,'false','false','text','true',NULL,6,NULL,NULL,NULL,'false',NULL,NULL,NULL,'false'),('c8b139b5dd014f54aa48c4613f5cae5b','26bbe85dd0f94e70800edef4366279f7','STATUS','status','STATUS',NULL,'false','false','text','true',NULL,7,NULL,NULL,NULL,'false',NULL,NULL,NULL,'false'),('7816603124f94aeaa18a0a1c7ffc7471','26bbe85dd0f94e70800edef4366279f7','CANCEL_REASON','cancelReason','CANCEL_REASON',NULL,'false','false','text','true',NULL,8,NULL,NULL,NULL,'false',NULL,NULL,NULL,'false'),('7a54c7ab6fb0421688f3a9bba1301331','26bbe85dd0f94e70800edef4366279f7','CANCEL_USER_ID','cancelUserId','CANCEL_USER_ID',NULL,'false','false','text','true',NULL,9,NULL,NULL,NULL,'false',NULL,NULL,NULL,'false'),('79908ae5d2b640e8aca8bfcab835b24f','26bbe85dd0f94e70800edef4366279f7','CANCEL_DATE','cancelDate','CANCEL_DATE',NULL,'false','false','text','true',NULL,10,NULL,NULL,NULL,'false',NULL,NULL,NULL,'false'),('9ce88ae6b43c40f984a0d888a2066d52','26bbe85dd0f94e70800edef4366279f7','PAY_MODE','payMode','PAY_MODE',NULL,'false','false','text','true',NULL,11,NULL,NULL,NULL,'false',NULL,NULL,NULL,'false'),('d9a9ea8d27ba40baa9c339f8eed8366a','26bbe85dd0f94e70800edef4366279f7','PAY_STATUS','payStatus','付款状态',NULL,'true','true','text','true',NULL,12,NULL,NULL,NULL,'false',NULL,NULL,NULL,'false'),('02193f6541824a5e9d420a7ee131753a','26bbe85dd0f94e70800edef4366279f7','DISPATCH_STATUS','dispatchStatus','DISPATCH_STATUS',NULL,'false','false','text','true',NULL,13,NULL,NULL,NULL,'false',NULL,NULL,NULL,'false'),('decaa9adffdf4bae8b47dea47e80ba4d','26bbe85dd0f94e70800edef4366279f7','DISPATCH_MODE','dispatchMode','DISPATCH_MODE',NULL,'false','false','text','true',NULL,14,NULL,NULL,NULL,'false',NULL,NULL,NULL,'false'),('d7925198abc0467a99a6e40d56ff721d','26bbe85dd0f94e70800edef4366279f7','DISPATCH_RULE','dispatchRule','DISPATCH_RULE',NULL,'false','false','text','true',NULL,15,NULL,NULL,NULL,'false',NULL,NULL,NULL,'false'),('ec48ede3abef4a9d8b1e9e147c0e2e28','26bbe85dd0f94e70800edef4366279f7','COMPANY_ID','companyId','COMPANY_ID',NULL,'false','false','text','true',NULL,16,NULL,NULL,NULL,'false',NULL,NULL,NULL,'false'),('3304d8b7ad524f66ab349e866793138d','26bbe85dd0f94e70800edef4366279f7','DISPATCH_FEE','dispatchFee','DISPATCH_FEE',NULL,'false','false','text','true',NULL,17,NULL,NULL,NULL,'false',NULL,NULL,NULL,'false'),('ebbb06b828a64b428b31af325480dd2b','26bbe85dd0f94e70800edef4366279f7','ALL_MONEY','allMoney','金额(不含配送费用)',NULL,'true','true','text','true',NULL,18,NULL,NULL,NULL,'false',NULL,NULL,NULL,'false'),('3016a880a11b4fb0863fa95d421d04e3','26bbe85dd0f94e70800edef4366279f7','PRODUCT_MONEY','productMoney','PRODUCT_MONEY',NULL,'false','false','text','true',NULL,19,NULL,NULL,NULL,'false',NULL,NULL,NULL,'false'),('7dc7d55e2ab441d1af5f8899a72de550','26bbe85dd0f94e70800edef4366279f7','REFUND_FLAG','refundFlag','REFUND_FLAG',NULL,'false','false','text','true',NULL,20,NULL,NULL,NULL,'false',NULL,NULL,NULL,'false'),('f8021310e5924c62a954717c1b922154','26bbe85dd0f94e70800edef4366279f7','INVOICE_TYPE','invoiceType','INVOICE_TYPE',NULL,'false','false','text','true',NULL,21,NULL,NULL,NULL,'false',NULL,NULL,NULL,'false'),('11054fe94c5e43abab5c4dc93711aa31','26bbe85dd0f94e70800edef4366279f7','INVOICE_TITLE','invoiceTitle','INVOICE_TITLE',NULL,'false','false','text','true',NULL,22,NULL,NULL,NULL,'false',NULL,NULL,NULL,'false'),('12752d74318a4752b7a642662523c74d','26bbe85dd0f94e70800edef4366279f7','INVOICE_CONTENT','invoiceContent','INVOICE_CONTENT',NULL,'false','false','text','true',NULL,23,NULL,NULL,NULL,'false',NULL,NULL,NULL,'false'),('e450223c130c433289648c02a9a06125','26bbe85dd0f94e70800edef4366279f7','COMPANY_NAME','companyName','COMPANY_NAME',NULL,'false','false','text','true',NULL,24,NULL,NULL,NULL,'false',NULL,NULL,NULL,'false'),('56dc35ad723d44bdacefc4cb48a14c12','26bbe85dd0f94e70800edef4366279f7','INVOICE_TAX_NO','invoiceTaxNo','INVOICE_TAX_NO',NULL,'false','false','text','true',NULL,25,NULL,NULL,NULL,'false',NULL,NULL,NULL,'false'),('2e0fe9ef7a874dd8bae91e9031bca5f8','26bbe85dd0f94e70800edef4366279f7','INVOICE_ADDRESS','invoiceAddress','INVOICE_ADDRESS',NULL,'false','false','text','true',NULL,26,NULL,NULL,NULL,'false',NULL,NULL,NULL,'false'),('982000ffd9a549b8ba3e2f52a12f4ce0','26bbe85dd0f94e70800edef4366279f7','INVOICE_TEL','invoiceTel','INVOICE_TEL',NULL,'false','false','text','true',NULL,27,NULL,NULL,NULL,'false',NULL,NULL,NULL,'false'),('dce1cdab9e4845bab59064b774cecf08','26bbe85dd0f94e70800edef4366279f7','INVOICE_BANK','invoiceBank','INVOICE_BANK',NULL,'false','false','text','true',NULL,28,NULL,NULL,NULL,'false',NULL,NULL,NULL,'false'),('e9010f28fcb74d8b810a62df22853ad0','26bbe85dd0f94e70800edef4366279f7','INVOICE_ACCOUNT','invoiceAccount','INVOICE_ACCOUNT',NULL,'false','false','text','true',NULL,29,NULL,NULL,NULL,'false',NULL,NULL,NULL,'false'),('677a11a836d848b1b22420b997cb4fb3','26bbe85dd0f94e70800edef4366279f7','REMARK','remark','',NULL,'false','false','text','true',NULL,30,NULL,NULL,NULL,'false',NULL,NULL,NULL,'false'),('6b8c34f8b6154c11ad315a7fb8def3b6','26bbe85dd0f94e70800edef4366279f7','END_INFO','endInfo','',NULL,'false','false','text','true',NULL,31,NULL,NULL,NULL,'false',NULL,NULL,NULL,'false'),('5862b49b77f2489ba648363117c0b176','26bbe85dd0f94e70800edef4366279f7','REJECT_DATE','rejectDate','',NULL,'false','false','text','true',NULL,32,NULL,NULL,NULL,'false',NULL,NULL,NULL,'false'),('977487bc5b474daa82c29ede9d5ffe27','26bbe85dd0f94e70800edef4366279f7','ORDER_TYPE','orderType','',NULL,'false','false','text','true',NULL,33,NULL,NULL,NULL,'false',NULL,NULL,NULL,'false'),('13f4fe53268e4002a3362e517d1e7646','26bbe85dd0f94e70800edef4366279f7','ORIGINAL_ORDER_NO','originalOrderNo','',NULL,'false','false','text','true',NULL,34,NULL,NULL,NULL,'false',NULL,NULL,NULL,'false'),('f90e7a0a260848b090544cad4a085adc','26bbe85dd0f94e70800edef4366279f7','ERP_COMPANY','erpCompany','',NULL,'false','false','text','true',NULL,35,NULL,NULL,NULL,'false',NULL,NULL,NULL,'false'),('672b82f1230a4d04b05e8d54fc56e13d','26bbe85dd0f94e70800edef4366279f7','TRANS_NO','transNo','',NULL,'false','false','text','true',NULL,36,NULL,NULL,NULL,'false',NULL,NULL,NULL,'false'),('e625fc29a178458ebdd5f14bd7239ddb','26bbe85dd0f94e70800edef4366279f7','PICK_DATE','pickDate','',NULL,'false','false','text','true',NULL,37,NULL,NULL,NULL,'false',NULL,NULL,NULL,'false'),('30f8e946a838477b9c2f66e73658ce8f','26bbe85dd0f94e70800edef4366279f7','DISPATCH_DATE','dispatchDate','',NULL,'false','false','text','true',NULL,38,NULL,NULL,NULL,'false',NULL,NULL,NULL,'false'),('c9bbcc2010664c80b6c875ca1d0f4504','26bbe85dd0f94e70800edef4366279f7','TICKET_ID','ticketId','',NULL,'false','false','text','true',NULL,39,NULL,NULL,NULL,'false',NULL,NULL,NULL,'false'),('446b5de837bb448c805f19089a99d8e6','26bbe85dd0f94e70800edef4366279f7','ERP_FLAG','erpFlag','',NULL,'false','false','text','true',NULL,40,NULL,NULL,NULL,'false',NULL,NULL,NULL,'false'),('ccbeadeb95ed4cc0bb921c0e7a13fdaf','26bbe85dd0f94e70800edef4366279f7','WORK_NO','workNo','',NULL,'false','false','text','true',NULL,41,NULL,NULL,NULL,'false',NULL,NULL,NULL,'false'),('1b983057ecc941a8a0ea4e4edef1ffd7','26bbe85dd0f94e70800edef4366279f7','CREATE_USER_ID','createUserId','',NULL,'false','false','text','true',NULL,42,NULL,NULL,NULL,'false',NULL,NULL,NULL,'false'),('01af998bf0a9437ab71bf0e27b4b58cb','26bbe85dd0f94e70800edef4366279f7','CREATE_DATE','createDate','',NULL,'false','false','text','true',NULL,43,NULL,NULL,NULL,'false',NULL,NULL,NULL,'false'),('e0917c5bf823463a9a1ed57d39447a52','26bbe85dd0f94e70800edef4366279f7','UPDATE_USER_ID','updateUserId','',NULL,'false','false','text','true',NULL,44,NULL,NULL,NULL,'false',NULL,NULL,NULL,'false'),('f0a6cd9b31b9449a9b644ba2bc0cd0d9','26bbe85dd0f94e70800edef4366279f7','UPDATE_DATE','updateDate','',NULL,'false','false','text','true',NULL,45,NULL,NULL,NULL,'false',NULL,NULL,NULL,'false'),('dddfdb18913649b98aabd17154673e44','7497602012f44033b79d4559707d336d','ID','id','1',NULL,'true','true','text','true',NULL,0,NULL,NULL,NULL,'false',NULL,NULL,NULL,'false'),('146a72b495744dd0bf63f780d7ed0c2f','7497602012f44033b79d4559707d336d','ORDER_ID','orderId','1',NULL,'true','true','text','true',NULL,1,NULL,NULL,NULL,'false',NULL,NULL,NULL,'false'),('28e1c26bda404162a33db4bdbe79f18d','7497602012f44033b79d4559707d336d','CONSIGNEE','consignee','',NULL,'true','true','text','true',NULL,2,NULL,NULL,NULL,'false',NULL,NULL,NULL,'false'),('44d5140cc6aa4e9880d8b5337c9527a6','7497602012f44033b79d4559707d336d','TEL','tel','',NULL,'true','true','text','true',NULL,3,NULL,NULL,NULL,'false',NULL,NULL,NULL,'false'),('671c9c2427254dc4a37de1b7a595008b','7497602012f44033b79d4559707d336d','MOBILE','mobile','',NULL,'true','true','text','true',NULL,4,NULL,NULL,NULL,'false',NULL,NULL,NULL,'false'),('55b1afb9cb834f06ad6204654e1151bc','7497602012f44033b79d4559707d336d','PROVINCE_ID','provinceId','',NULL,'true','true','text','true',NULL,5,NULL,NULL,NULL,'false',NULL,NULL,NULL,'false'),('7f75b3fd584e4d4ea4ef77f8abc87660','7497602012f44033b79d4559707d336d','CITY_ID','cityId','',NULL,'true','true','text','true',NULL,6,NULL,NULL,NULL,'false',NULL,NULL,NULL,'false'),('be51afc35a7f4b9d99ada61be673ebd5','7497602012f44033b79d4559707d336d','COUNTY_ID','countyId','',NULL,'true','true','text','true',NULL,7,NULL,NULL,NULL,'false',NULL,NULL,NULL,'false'),('ff6f874f209a4f5db4bd5fde5b219969','7497602012f44033b79d4559707d336d','ADDRESS','address','',NULL,'true','true','text','true',NULL,8,NULL,NULL,NULL,'false',NULL,NULL,NULL,'false'),('e9413369d24d438080f05db7f4100057','7497602012f44033b79d4559707d336d','ZIP','zip','',NULL,'true','true','text','true',NULL,9,NULL,NULL,NULL,'false',NULL,NULL,NULL,'false'),('4fee6df410e3428d9963ead429072277','7497602012f44033b79d4559707d336d','EMAIL','email','',NULL,'true','true','text','true',NULL,10,NULL,NULL,NULL,'false',NULL,NULL,NULL,'false'),('863b0381e590422eb325f0f16b8394a3','7497602012f44033b79d4559707d336d','PCC','pcc','',NULL,'true','true','text','true',NULL,11,NULL,NULL,NULL,'false',NULL,NULL,NULL,'false'),('9367001a4424414389742a9c16df0556','d739f1bd095a4a44a1b7121b44469019','ID','id','ID',NULL,'false','false','text','true',NULL,0,NULL,NULL,NULL,'false',NULL,NULL,NULL,'false'),('93e2f7aea8e14c46a47b44f93f7a60cf','d739f1bd095a4a44a1b7121b44469019','DISPATCH_NO','dispatchNo','派工单号',NULL,'true','true','text','true',NULL,1,NULL,NULL,NULL,'false',NULL,NULL,NULL,'false'),('251cdf92094d4e6b8d969449f987a81b','d739f1bd095a4a44a1b7121b44469019','COMPANY_ID','companyId','公司ID',NULL,'false','false','text','true',NULL,2,NULL,NULL,NULL,'false',NULL,NULL,NULL,'false'),('829429b31a7b4368b8a167a2e0d27acb','d739f1bd095a4a44a1b7121b44469019','COMPANY_NAME','companyName','COMPANY_NAME',NULL,'true','true','text','true',NULL,3,NULL,NULL,NULL,'false',NULL,NULL,NULL,'false'),('9e101a14b37e4f33a00f2a6a810750ff','d739f1bd095a4a44a1b7121b44469019','CUSTOMER_CODE','customerCode','CUSTOMER_CODE',NULL,'false','false','text','true',NULL,4,NULL,NULL,NULL,'false',NULL,NULL,NULL,'false'),('1612a6150a66492d9d1a35506097ef40','d739f1bd095a4a44a1b7121b44469019','CUSTOMER_NAME','customerName','CUSTOMER_NAME',NULL,'false','false','text','true',NULL,5,NULL,NULL,NULL,'false',NULL,NULL,NULL,'false'),('017bf59aa0bc4c189761e40177a7950b','d739f1bd095a4a44a1b7121b44469019','PAY_MODE','payMode','付款方式',NULL,'true','true','text','true',NULL,6,NULL,NULL,NULL,'false',NULL,NULL,NULL,'false'),('6066d18ad5d1425ea8751c3a4433ac90','d739f1bd095a4a44a1b7121b44469019','PRINT_FLAG','printFlag','打印标志',NULL,'true','true','text','true',NULL,7,NULL,NULL,NULL,'false',NULL,NULL,NULL,'false'),('53d6f588a2bc474b8f00e0c8ac22b7b7','d739f1bd095a4a44a1b7121b44469019','ORGANIZE_DATE','organizeDate','组货时间',NULL,'false','false','text','true',NULL,8,NULL,NULL,NULL,'false',NULL,NULL,NULL,'false'),('524169de8f004f9b90ba1cab3c88427d','d739f1bd095a4a44a1b7121b44469019','FETCH_DATE','fetchDate','取货时间',NULL,'true','true','text','true',NULL,9,NULL,NULL,NULL,'false',NULL,NULL,NULL,'false'),('c90c08f6e5d0405c99259c4ab97156e3','d739f1bd095a4a44a1b7121b44469019','DISPATCH_DATE','dispatchDate','派工时间',NULL,'true','true','text','true',NULL,10,NULL,NULL,NULL,'false',NULL,NULL,NULL,'false'),('ac4cd6cb5d234be2b746e2409bb4bb56','d739f1bd095a4a44a1b7121b44469019','ORGANIZE_USER','organizeUser','组货员',NULL,'true','true','text','true',NULL,11,NULL,NULL,NULL,'false',NULL,NULL,NULL,'false'),('54383c6d20114482b43ef901dc2193fe','d739f1bd095a4a44a1b7121b44469019','FETCH_USER','fetchUser','取货员',NULL,'true','true','text','true',NULL,12,NULL,NULL,NULL,'false',NULL,NULL,NULL,'false'),('d2a3277749fb41a58e3455dc7fda9b89','d739f1bd095a4a44a1b7121b44469019','DISPATCH_USER_ID','dispatchUserId','派工人ID',NULL,'false','false','text','true',NULL,13,NULL,NULL,NULL,'false',NULL,NULL,NULL,'false'),('8e96a04dcd524a4b967579e8a83352a3','d739f1bd095a4a44a1b7121b44469019','DISPATCH_USER_NAME','dispatchUserName','派工人名称',NULL,'true','true','text','true',NULL,14,NULL,NULL,NULL,'false',NULL,NULL,NULL,'false'),('b92759753968436d89895ea0d951ee05','d739f1bd095a4a44a1b7121b44469019','DISPATCH_REMARK','dispatchRemark','备注',NULL,'true','true','text','true',NULL,15,NULL,NULL,NULL,'false',NULL,NULL,NULL,'false'),('926c9a9c736f456f9fd576b8d00f9ec6','fd2793240968432a908b0889e53b42b3','ID','id','',NULL,'true','true','text','true',NULL,0,NULL,NULL,NULL,'false',NULL,NULL,NULL,'false'),('47438408bcbb4d0daddfe461cadfb89d','fd2793240968432a908b0889e53b42b3','DISPATCH_ID','dispatchId','',NULL,'true','true','text','true',NULL,1,NULL,NULL,NULL,'false',NULL,NULL,NULL,'false'),('d623f2210d2b4f10bf93b7c76b1280ac','fd2793240968432a908b0889e53b42b3','ORDER_ID','orderId','',NULL,'true','true','text','true',NULL,2,NULL,NULL,NULL,'false',NULL,NULL,NULL,'false'),('28260a7ffa7243a3a6ae456be5d7d56e','fd2793240968432a908b0889e53b42b3','CONSIGNEE','consignee','',NULL,'true','true','text','true',NULL,3,NULL,NULL,NULL,'false',NULL,NULL,NULL,'false'),('abe4045bbd9544739447b0b93a6268eb','fd2793240968432a908b0889e53b42b3','TEL','tel','',NULL,'true','true','text','true',NULL,4,NULL,NULL,NULL,'false',NULL,NULL,NULL,'false'),('4efd3dafb0ef43e19485d8c4d4bdd56e','fd2793240968432a908b0889e53b42b3','MOBILE','mobile','',NULL,'true','true','text','true',NULL,5,NULL,NULL,NULL,'false',NULL,NULL,NULL,'false'),('f2dce7b393d3401bbebbef946e9a8a57','fd2793240968432a908b0889e53b42b3','PROVINCE_ID','provinceId','',NULL,'true','true','text','true',NULL,6,NULL,NULL,NULL,'false',NULL,NULL,NULL,'false'),('e4c256dc52ce4bee88695c66ef6e5f24','fd2793240968432a908b0889e53b42b3','CITY_ID','cityId','',NULL,'true','true','text','true',NULL,7,NULL,NULL,NULL,'false',NULL,NULL,NULL,'false'),('ed3af9183b364fa7a6a693d4691b8f0f','fd2793240968432a908b0889e53b42b3','COUNTY_ID','countyId','',NULL,'true','true','text','true',NULL,8,NULL,NULL,NULL,'false',NULL,NULL,NULL,'false'),('c449bbe53605423b983e9c13d490ae38','fd2793240968432a908b0889e53b42b3','ADDRESS','address','',NULL,'true','true','text','true',NULL,9,NULL,NULL,NULL,'false',NULL,NULL,NULL,'false'),('7bc5419a479d4180825c42a25ffbe921','fd2793240968432a908b0889e53b42b3','ORGANIZE_DATE','organizeDate','',NULL,'true','true','text','true',NULL,10,NULL,NULL,NULL,'false',NULL,NULL,NULL,'false'),('28f8cedb8e53421eb64fd49c57063c1b','fd2793240968432a908b0889e53b42b3','CREATE_DATE','createDate','',NULL,'true','true','text','true',NULL,11,NULL,NULL,NULL,'false',NULL,NULL,NULL,'false'),('a0e0e67daee341dca75a4b52ea3ed736','fd2793240968432a908b0889e53b42b3','UPDATE_DATE','updateDate','',NULL,'true','true','text','true',NULL,12,NULL,NULL,NULL,'false',NULL,NULL,NULL,'false'),('00421f2fb00c446394ec3aa9e07eb95a','cb399db783b0468885d51e9c9803c3a3','ID','id','ID',NULL,'false','false','text','true',NULL,0,NULL,NULL,NULL,'false',NULL,NULL,NULL,'false'),('6e5c6a0e9d954a4c960bf49bc3ccb863','cb399db783b0468885d51e9c9803c3a3','PICK_NO','pickNo','拣货单号',NULL,'true','true','text','true',NULL,1,NULL,NULL,NULL,'false',NULL,NULL,NULL,'false'),('7d46bb9cf5a54c929affadc6ea365c80','cb399db783b0468885d51e9c9803c3a3','INVOICE_DATE','invoiceDate','发票日期',NULL,'true','true','text','true',NULL,2,NULL,NULL,NULL,'false',NULL,NULL,NULL,'false'),('dbd182e58769464787bc1be4c18d7daa','cb399db783b0468885d51e9c9803c3a3','INVOICE_USER_ID','invoiceUserId','发票打印人',NULL,'true','true','text','true',NULL,3,NULL,NULL,NULL,'false',NULL,NULL,NULL,'false'),('cfca982b5106450ab2dea495268967ef','cb399db783b0468885d51e9c9803c3a3','PICK_DATE','pickDate','捡货日期',NULL,'true','true','text','true',NULL,4,NULL,NULL,NULL,'false',NULL,NULL,NULL,'false'),('811c4857cb4b4c958e70ece190a0f053','cb399db783b0468885d51e9c9803c3a3','PICK_USER_ID','pickUserId','捡货打印人',NULL,'true','true','text','true',NULL,5,NULL,NULL,NULL,'false',NULL,NULL,NULL,'false'),('15ad31508cd84154bcd24379ef433a75','cb399db783b0468885d51e9c9803c3a3','DELIVER_DATE','deliverDate','配送打印时间',NULL,'true','true','text','true',NULL,6,NULL,NULL,NULL,'false',NULL,NULL,NULL,'false'),('6e35b0a4901d4ff5836709d39e923966','cb399db783b0468885d51e9c9803c3a3','DELIVER_USER_ID','deliverUserId','配送打印人',NULL,'true','true','text','true',NULL,7,NULL,NULL,NULL,'false',NULL,NULL,NULL,'false'),('161de5cfb8e04a38a463549c64afa70e','cb399db783b0468885d51e9c9803c3a3','EXPRESS_DATE','expressDate','快递打印时间',NULL,'true','true','text','true',NULL,8,NULL,NULL,NULL,'false',NULL,NULL,NULL,'false'),('cc6e800426164b9bb1b40962b978fa34','cb399db783b0468885d51e9c9803c3a3','EXPRESS_USER_ID','expressUserId','快递打印人',NULL,'true','true','text','true',NULL,9,NULL,NULL,NULL,'false',NULL,NULL,NULL,'false'),('64ccf9c44f614041b35872ec5a111d9c','cb399db783b0468885d51e9c9803c3a3','DISPATCH_USER_ID','dispatchUserId','',NULL,'false','false','text','true',NULL,10,NULL,NULL,NULL,'false',NULL,NULL,NULL,'false'),('ad86ed72fbf9436b9b295caecacb312d','cb399db783b0468885d51e9c9803c3a3','DISPATCH_USER_NAME','dispatchUserName','捡货人',NULL,'true','true','text','true',NULL,11,NULL,NULL,NULL,'false',NULL,NULL,NULL,'false'),('1dbcddafda8248089541ee0c1090d38f','cb399db783b0468885d51e9c9803c3a3','CONFIRM_DATE','confirmDate','确认时间',NULL,'true','true','text','true',NULL,12,NULL,NULL,NULL,'false',NULL,NULL,NULL,'false'),('d42851df043949788e21dd4803a88623','cb399db783b0468885d51e9c9803c3a3','CONFIRM_USER_ID','confirmUserId','确认人',NULL,'true','true','text','true',NULL,13,NULL,NULL,NULL,'false',NULL,NULL,NULL,'false'),('1e6a66be23754cbab733cee7a8ce4622','d87ed9e987c847f88c6a9313ab00b3d3','ID','id','',NULL,'true','true','text','true',NULL,0,NULL,NULL,NULL,'false',NULL,NULL,NULL,'false'),('9f9a52db401b43f4af2a97875895f05d','d87ed9e987c847f88c6a9313ab00b3d3','PICK_ID','pickId','',NULL,'true','true','text','true',NULL,1,NULL,NULL,NULL,'false',NULL,NULL,NULL,'false'),('61d5f4abe5ad4f1c9ff6000d0988ebc5','d87ed9e987c847f88c6a9313ab00b3d3','ORDER_ID','orderId','',NULL,'true','true','text','true',NULL,2,NULL,NULL,NULL,'false',NULL,NULL,NULL,'false'),('fd71d983dd564ecaae9e35d6e93bb46c','794d20bc565643feb43ae50ba4ddc0bb','ID','id','ID',NULL,'true','true','text','true',NULL,0,NULL,NULL,NULL,'false',NULL,NULL,NULL,'false'),('a0dcdb5699fd40c7a93cd666e642fe8b','794d20bc565643feb43ae50ba4ddc0bb','PICK_ID','pickId','PICK_ID',NULL,'true','true','text','true',NULL,1,NULL,NULL,NULL,'false',NULL,NULL,NULL,'false'),('2b1904e33f2849a3a8c6cef78f347bf7','794d20bc565643feb43ae50ba4ddc0bb','PRODUCT_ID','productId','PRODUCT_ID',NULL,'true','true','text','true',NULL,2,NULL,NULL,NULL,'false',NULL,NULL,NULL,'false'),('f786649b9fe9487881c43c851c9e9ce5','794d20bc565643feb43ae50ba4ddc0bb','ACTAUL_COUNT','actaulCount','ACTAUL_COUNT',NULL,'true','true','text','true',NULL,3,NULL,NULL,NULL,'false',NULL,NULL,NULL,'false'),('a17862bb2c4e41a0bebc92f143d8ac09','794d20bc565643feb43ae50ba4ddc0bb','ORIGINAL_COUNT','originalCount','ORIGINAL_COUNT',NULL,'true','true','text','true',NULL,4,NULL,NULL,NULL,'false',NULL,NULL,NULL,'false'),('aa202d1000244108ad3993cf98992db7','24160a71b6524a87b93a942caf079c4a','ID','id','id',NULL,'false','false','text','true',NULL,0,NULL,NULL,NULL,'false',NULL,NULL,NULL,'false'),('abcbf452452a4e389abd075dc5c0e3dd','24160a71b6524a87b93a942caf079c4a','NORM_NAME','normName','规格名称',NULL,'true','true','text','true',NULL,1,NULL,NULL,NULL,'false',NULL,NULL,NULL,'false'),('c9ef0f4f0d164431a58ff7988dd0b585','24160a71b6524a87b93a942caf079c4a','NORM_TYPE','normType','规格类型',NULL,'true','true','text','true',NULL,2,NULL,NULL,NULL,'false',NULL,NULL,NULL,'false'),('64f3bd4882e64e13a047071ed8e5931f','24160a71b6524a87b93a942caf079c4a','NORM_VALUES','normValues','规格值',NULL,'true','true','text','true',NULL,3,NULL,NULL,NULL,'false',NULL,NULL,NULL,'false'),('a1b403ced9094a2d9968e0000f12cc3b','24160a71b6524a87b93a942caf079c4a','ORDER_NO','orderNo','ORDER_NO',NULL,'true','true','text','true',NULL,4,NULL,NULL,NULL,'false',NULL,NULL,NULL,'false'),('19f7a481e43e4a639eca727d32238fc7','24160a71b6524a87b93a942caf079c4a','STATUS','status','状态',NULL,'true','true','text','true',NULL,5,NULL,NULL,NULL,'false',NULL,NULL,NULL,'false'),('357c24e21143436dab7c1e44f5a5c2e5','24160a71b6524a87b93a942caf079c4a','CREATE_USER_ID','createUserId','CREATE_USER_ID',NULL,'true','true','text','true',NULL,6,NULL,NULL,NULL,'false',NULL,NULL,NULL,'false'),('c7e1fda9fdac451ab381578ced1bbc40','24160a71b6524a87b93a942caf079c4a','CREATE_DATE','createDate','时间',NULL,'false','false','text','true',NULL,7,NULL,NULL,NULL,'false',NULL,NULL,NULL,'false'),('45fb5a01cb2047b0b8a8608b4f46d98a','48aa30c76ed8452484943539c7163803','ID','id','id',NULL,'true','true','text','true',NULL,0,NULL,NULL,NULL,'false',NULL,NULL,NULL,'false'),('19bdcfe6635f47bbad0d938895e33b01','48aa30c76ed8452484943539c7163803','ORDER_ID','orderId','ORDER_ID',NULL,'false','false','text','true',NULL,1,NULL,NULL,NULL,'false',NULL,NULL,NULL,'false'),('6f9d26bebfce4648b119dca9a4c98aed','48aa30c76ed8452484943539c7163803','ORDER_FEE','orderFee','总金额',NULL,'true','true','text','true',NULL,2,NULL,NULL,NULL,'false',NULL,NULL,NULL,'false'),('5ca47a313a3c4951ac89888b4c5c4ddb','48aa30c76ed8452484943539c7163803','PAY_MODE','payMode','实际付款方式',NULL,'true','true','text','true',NULL,3,NULL,NULL,NULL,'false',NULL,NULL,NULL,'false'),('4b1f76d227f2492eaa81a4c612436d0a','48aa30c76ed8452484943539c7163803','PAY_MONEY','payMoney','实际付款金额',NULL,'true','true','text','true',NULL,4,NULL,NULL,NULL,'false',NULL,NULL,NULL,'false'),('edd3c63cc02b4cb6903f968c06bd3e70','48aa30c76ed8452484943539c7163803','PAY_DATE','payDate','付款时间',NULL,'true','true','text','true',NULL,5,NULL,NULL,NULL,'false',NULL,NULL,NULL,'false'),('313d7fba33974fb8bb0ad2648d7cd408','48aa30c76ed8452484943539c7163803','ORG_USER_ID','orgUserId','',NULL,'false','false','text','true',NULL,6,NULL,NULL,NULL,'false',NULL,NULL,NULL,'false'),('2593b5ed0303440983ca24c17689f88c','48aa30c76ed8452484943539c7163803','ORG_USER_NAME','orgUserName','操作人名称',NULL,'true','true','text','true',NULL,7,NULL,NULL,NULL,'false',NULL,NULL,NULL,'false'),('905182b329fb4ecf99df55d824624e44','48aa30c76ed8452484943539c7163803','UPDATE_DATE','updateDate','操作时间',NULL,'true','true','text','true',NULL,8,NULL,NULL,NULL,'false',NULL,NULL,NULL,'false'),('b281c1f544204ca8bb5bfe2219ba22b9','48aa30c76ed8452484943539c7163803','BILL_NO','billNo','汇票号',NULL,'true','true','text','true',NULL,9,NULL,NULL,NULL,'false',NULL,NULL,NULL,'false'),('47f85b20556046ebaa76e96200829012','48aa30c76ed8452484943539c7163803','ACCOUNT_BANK','accountBank','汇款人开户行',NULL,'true','true','text','true',NULL,10,NULL,NULL,NULL,'false',NULL,NULL,NULL,'false'),('22dd72ea18e1408b926139fb3d05ace2','48aa30c76ed8452484943539c7163803','ACCOUNT_NAME','accountName','汇款人开户名',NULL,'true','true','text','true',NULL,11,NULL,NULL,NULL,'false',NULL,NULL,NULL,'false'),('7ad382f87c5140edaccae55106814ae7','48aa30c76ed8452484943539c7163803','ACCOUNT_NO','accountNo','开户行帐号',NULL,'true','true','text','true',NULL,12,NULL,NULL,NULL,'false',NULL,NULL,NULL,'false'),('760fcc7738324162929a9ae8c4517c08','48aa30c76ed8452484943539c7163803','BILL_AMOUNT','billAmount','汇款金额',NULL,'true','true','text','true',NULL,13,NULL,NULL,NULL,'false',NULL,NULL,NULL,'false'),('c599ed273f8c4efeae9541cbb751abb3','48aa30c76ed8452484943539c7163803','ACCOUNT_REMARK','accountRemark','汇款人备注',NULL,'true','true','text','true',NULL,14,NULL,NULL,NULL,'false',NULL,NULL,NULL,'false'),('9017a9be76f74d8abbefec245e578bcc','48aa30c76ed8452484943539c7163803','RECEIVE_DATE','receiveDate','到帐时间',NULL,'true','true','text','true',NULL,15,NULL,NULL,NULL,'false',NULL,NULL,NULL,'false'),('841ede7c4eac4a2782b39a58a80b44be','48aa30c76ed8452484943539c7163803','REMARK','remark','备注',NULL,'true','true','text','true',NULL,16,NULL,NULL,NULL,'false',NULL,NULL,NULL,'false'),('0c8b47b2a40c445c89a6c7c22608da1c','48aa30c76ed8452484943539c7163803','ACCOUNT_ADDRESS','accountAddress','汇款人地址',NULL,'true','true','text','true',NULL,17,NULL,NULL,NULL,'false',NULL,NULL,NULL,'false'),('5403b314c61b4a12b0fa3eb295d8ff91','48aa30c76ed8452484943539c7163803','PAY_TYPE','payType','付款类型',NULL,'true','true','text','true',NULL,18,NULL,NULL,NULL,'false',NULL,NULL,NULL,'false'),('f3331928bf684042a5e4dfa0e6b61fa0','48aa30c76ed8452484943539c7163803','CUSTOMER_CODE','customerCode','',NULL,'false','false','text','true',NULL,19,NULL,NULL,NULL,'false',NULL,NULL,NULL,'false'),('78c08b759f6749e3b78ffa4cb4d7e003','48aa30c76ed8452484943539c7163803','CUSTOMER_NAME','customerName','',NULL,'false','false','text','true',NULL,20,NULL,NULL,NULL,'false',NULL,NULL,NULL,'false'),('3d60500c24fc4300b1882b5abe78c62b','48aa30c76ed8452484943539c7163803','PAY_FINISH','payFinish','是否已收款',NULL,'true','true','text','true',NULL,21,NULL,NULL,NULL,'false',NULL,NULL,NULL,'false'),('ea78b981794c44f2a6927e300fa1233a','9db8dc2fd128409eb01d6c61b6c72699','ID','id','',NULL,'true','true','text','true',NULL,0,NULL,NULL,NULL,'false',NULL,NULL,NULL,'false'),('74a8469e59424ce7b0d1e108abdbae24','9db8dc2fd128409eb01d6c61b6c72699','ORDER_ID','orderId','',NULL,'true','true','text','true',NULL,1,NULL,NULL,NULL,'false',NULL,NULL,NULL,'false'),('e69d582bf32e426ca7eac219a90fa9fe','9db8dc2fd128409eb01d6c61b6c72699','FLOW_STATUS','flowStatus','',NULL,'true','true','text','true',NULL,2,NULL,NULL,NULL,'false',NULL,NULL,NULL,'false'),('10459abce5744f669dbd3273c4975ae1','9db8dc2fd128409eb01d6c61b6c72699','OPERATOR_ID','operatorId','',NULL,'true','true','text','true',NULL,3,NULL,NULL,NULL,'false',NULL,NULL,NULL,'false'),('c798a73d02644a88990ad8e88f14d4bf','9db8dc2fd128409eb01d6c61b6c72699','OPERATOR_NAME','operatorName','',NULL,'true','true','text','true',NULL,4,NULL,NULL,NULL,'false',NULL,NULL,NULL,'false'),('1b14150ece424a7680bc9d615ed2318d','9db8dc2fd128409eb01d6c61b6c72699','OPERATOR_DATE','operatorDate','',NULL,'true','true','text','true',NULL,5,NULL,NULL,NULL,'false',NULL,NULL,NULL,'false'),('28de86764a8046e1b5cb2ef4e6e41485','9db8dc2fd128409eb01d6c61b6c72699','OPERATOR_INTRO','operatorIntro','',NULL,'true','true','text','true',NULL,6,NULL,NULL,NULL,'false',NULL,NULL,NULL,'false'),('249913559f6c4bc9b87fe95420a9c125','d5c826154bb74937a869bacd21b6ceac','ID','id','',NULL,'false','false','text','true',NULL,0,NULL,NULL,NULL,'false',NULL,NULL,NULL,'false'),('1abc3290e97842ea9d71cfb46dbee1ea','d5c826154bb74937a869bacd21b6ceac','ORDER_ID','orderId','',NULL,'false','false','text','true',NULL,1,NULL,NULL,NULL,'false',NULL,NULL,NULL,'false'),('a11bec1d75044d429179498ff1320783','d5c826154bb74937a869bacd21b6ceac','ORDER_FEE','orderFee','金额',NULL,'true','true','text','true',NULL,2,NULL,NULL,NULL,'false',NULL,NULL,NULL,'false'),('f6c9fe842d914002a35ea599bc3936fc','d5c826154bb74937a869bacd21b6ceac','PAY_MONEY','payMoney','实际付款金额',NULL,'true','true','text','true',NULL,3,NULL,NULL,NULL,'false',NULL,NULL,NULL,'false'),('8d8af236fd59416d9a153ec0301e8d1c','d5c826154bb74937a869bacd21b6ceac','REFUND_MONEY','refundMoney','实际退款金额',NULL,'true','true','text','true',NULL,4,NULL,NULL,NULL,'false',NULL,NULL,NULL,'false'),('796a4c3bda3c40f9850b46d997bcae32','d5c826154bb74937a869bacd21b6ceac','PAY_MODE','payMode','付款方式',NULL,'true','true','text','true',NULL,5,NULL,NULL,NULL,'false',NULL,NULL,NULL,'false'),('54341f0824b349e0b1421258364476c6','d5c826154bb74937a869bacd21b6ceac','REFUND_MODE','refundMode','退款方式',NULL,'true','true','text','true',NULL,6,NULL,NULL,NULL,'false',NULL,NULL,NULL,'false'),('b91bfde2114547308dee6fd5c8f693ec','d5c826154bb74937a869bacd21b6ceac','REFUND_REASON','refundReason','退款原因',NULL,'true','true','text','true',NULL,7,NULL,NULL,NULL,'false',NULL,NULL,NULL,'false'),('23d8e67e1b4440a7a6e47dc42cbb4d99','d5c826154bb74937a869bacd21b6ceac','REFUND_TYPE','refundType','退款类型',NULL,'true','true','text','true',NULL,8,NULL,NULL,NULL,'false',NULL,NULL,NULL,'false'),('7d29b52f7f1e4e24a1c0b8ff1b686a4e','d5c826154bb74937a869bacd21b6ceac','REFUND_FLAG','refundFlag','是否已退款',NULL,'true','true','text','true',NULL,9,NULL,NULL,NULL,'false',NULL,NULL,NULL,'false'),('f5c29cd25058427e87eee4d90b3caa92','d5c826154bb74937a869bacd21b6ceac','REFUND_DATE','refundDate','退款时间',NULL,'true','true','text','true',NULL,10,NULL,NULL,NULL,'false',NULL,NULL,NULL,'false'),('57c8508219de4bafb15290bd58274f2f','d5c826154bb74937a869bacd21b6ceac','PAYEE_NAME','payeeName','收款人',NULL,'true','true','text','true',NULL,11,NULL,NULL,NULL,'false',NULL,NULL,NULL,'false'),('1fc3ae6b63d94a0596b912e9823a70de','d5c826154bb74937a869bacd21b6ceac','PAYEE_ADDRESS','payeeAddress','收款人地址',NULL,'true','true','text','true',NULL,12,NULL,NULL,NULL,'false',NULL,NULL,NULL,'false'),('e2fa98af73354654b0ddd34d9fa4dd6c','d5c826154bb74937a869bacd21b6ceac','PAYEE_ZIP','payeeZip','收款邮编',NULL,'true','true','text','true',NULL,13,NULL,NULL,NULL,'false',NULL,NULL,NULL,'false'),('9f8f957bccae4adba886f13c5365c822','d5c826154bb74937a869bacd21b6ceac','BANK','bank','开户行',NULL,'true','true','text','true',NULL,14,NULL,NULL,NULL,'false',NULL,NULL,NULL,'false'),('89f087466454404a8837d8cec36b442a','d5c826154bb74937a869bacd21b6ceac','BANK_PAYEE','bankPayee','开户名',NULL,'true','true','text','true',NULL,15,NULL,NULL,NULL,'false',NULL,NULL,NULL,'false'),('3c0bf450d41246cab2cf4f5123b9a59f','d5c826154bb74937a869bacd21b6ceac','BANK_ACCOUNT','bankAccount','开户行帐号',NULL,'true','true','text','true',NULL,16,NULL,NULL,NULL,'false',NULL,NULL,NULL,'false'),('e1e979c2218148cda7df3f6b8c0fed74','d5c826154bb74937a869bacd21b6ceac','PRINT_USER_ID','printUserId','打印人',NULL,'false','false','text','true',NULL,17,NULL,NULL,NULL,'false',NULL,NULL,NULL,'false'),('5b8b511406864a60afc30ac9a53e5803','d5c826154bb74937a869bacd21b6ceac','PRINT_FLAG','printFlag','',NULL,'false','false','text','true',NULL,18,NULL,NULL,NULL,'false',NULL,NULL,NULL,'false'),('a661fed9f696434c8bfa49c6aa11e7a5','d5c826154bb74937a869bacd21b6ceac','PRINT_DATE','printDate','',NULL,'false','false','text','true',NULL,19,NULL,NULL,NULL,'false',NULL,NULL,NULL,'false'),('639e3269aaa44844ab81eaf850ad5b52','d5c826154bb74937a869bacd21b6ceac','ORG_USER_ID','orgUserId','',NULL,'false','false','text','true',NULL,20,NULL,NULL,NULL,'false',NULL,NULL,NULL,'false'),('f7b8989f3dbc4996b918ad5b902786d9','d5c826154bb74937a869bacd21b6ceac','ORG_USER_NAME','orgUserName','',NULL,'false','false','text','true',NULL,21,NULL,NULL,NULL,'false',NULL,NULL,NULL,'false'),('5ddfb1065e034011b2d5e5d1f424831f','d5c826154bb74937a869bacd21b6ceac','UPDATE_DATE','updateDate','更新时间',NULL,'true','true','text','true',NULL,22,NULL,NULL,NULL,'false',NULL,NULL,NULL,'false'),('cbe8d716bbcc48829f51285959c1e2f2','d5c826154bb74937a869bacd21b6ceac','CREATE_DATE','createDate','创建时间',NULL,'true','true','text','true',NULL,23,NULL,NULL,NULL,'false',NULL,NULL,NULL,'false'),('8949fe4f798e41babf3cb831c27002c0','d5c826154bb74937a869bacd21b6ceac','CUSTOMER_CODE','customerCode','',NULL,'false','false','text','true',NULL,24,NULL,NULL,NULL,'false',NULL,NULL,NULL,'false'),('9d1c403d00d94ac3b84433c2a123bd90','d5c826154bb74937a869bacd21b6ceac','CUSTOMER_NAME','customerName','',NULL,'false','false','text','true',NULL,25,NULL,NULL,NULL,'false',NULL,NULL,NULL,'false'),('f1da474fb30f47fab92813b0e230fda0','d5c826154bb74937a869bacd21b6ceac','REMARK','remark','备注',NULL,'true','true','text','true',NULL,26,NULL,NULL,NULL,'false',NULL,NULL,NULL,'false'),('c25a3b1ef432446fb0ad78f4dae7941f','d5c826154bb74937a869bacd21b6ceac','STATUS','status','状态',NULL,'true','true','text','true',NULL,27,NULL,NULL,NULL,'false',NULL,NULL,NULL,'false'),('8c543350522a4b97b9d06d97dbb1c799','86920d2785ca4e4f9d6f3df71017266e','ID','id','ID',NULL,'true','true','text','true',NULL,0,NULL,NULL,NULL,'false',NULL,NULL,NULL,'false'),('f6341a0bcf9243c0817650010ce03111','86920d2785ca4e4f9d6f3df71017266e','USER_ID','userId','USER_ID',NULL,'true','true','text','true',NULL,1,NULL,NULL,NULL,'false',NULL,NULL,NULL,'false'),('cb608f301c3a4b6fb8ecfab2e9fdb40e','86920d2785ca4e4f9d6f3df71017266e','USER_NAME','userName','用户名',NULL,'true','true','text','true',NULL,2,NULL,NULL,NULL,'false',NULL,NULL,NULL,'false'),('96ef1de9884540619b64ab5410bb3688','86920d2785ca4e4f9d6f3df71017266e','PRODUCT_ID','productId','PRODUCT_ID',NULL,'false','false','text','true',NULL,3,NULL,NULL,NULL,'false',NULL,NULL,NULL,'false'),('2b124e6c82254def907005a45724fbad','86920d2785ca4e4f9d6f3df71017266e','PRODUCT_NAME','productName','产品名称',NULL,'true','true','text','true',NULL,4,NULL,NULL,NULL,'false',NULL,NULL,NULL,'false'),('e3107a2172be4ff980e3470e0ffe937b','86920d2785ca4e4f9d6f3df71017266e','ORDER_ID','orderId','ORDER_ID',NULL,'false','false','text','true',NULL,5,NULL,NULL,NULL,'false',NULL,NULL,NULL,'false'),('f954f3e255f746ba9a63638068065b6f','86920d2785ca4e4f9d6f3df71017266e','ORDER_NO','orderNo','订单编号',NULL,'true','true','text','true',NULL,6,NULL,NULL,NULL,'false',NULL,NULL,NULL,'false'),('15eb5a08c40b4433a55a60c1a95b227b','86920d2785ca4e4f9d6f3df71017266e','SERVICE_TOPIC','serviceTopic','主题',NULL,'true','true','text','true',NULL,7,NULL,NULL,NULL,'false',NULL,NULL,NULL,'false'),('68d3de931ce2496987a153bf6938affa','86920d2785ca4e4f9d6f3df71017266e','SERVICE_TYPE','serviceType','Z:咨询,J:建议,T:投诉',NULL,'true','true','text','true',NULL,8,NULL,NULL,NULL,'false',NULL,NULL,NULL,'false'),('da2a91558d9c4ee0b34ef183ef964089','86920d2785ca4e4f9d6f3df71017266e','SUBMIT_CONTENT','submitContent','内容',NULL,'true','true','text','true',NULL,9,NULL,NULL,NULL,'false',NULL,NULL,NULL,'false'),('1c1713289c8e4e49bf6c62a40a59d794','86920d2785ca4e4f9d6f3df71017266e','SUBMIT_DATE','submitDate','时间',NULL,'true','true','text','true',NULL,10,NULL,NULL,NULL,'false',NULL,NULL,NULL,'false'),('6e8124937a6a43f6baaebd6c035988a4','86920d2785ca4e4f9d6f3df71017266e','ORG_USER_ID','orgUserId','ORG_USER_ID',NULL,'true','true','text','true',NULL,11,NULL,NULL,NULL,'false',NULL,NULL,NULL,'false'),('d41360180eb64d3faf1945f3aaca8160','86920d2785ca4e4f9d6f3df71017266e','SERVICE_CONTENT','serviceContent','SERVICE_CONTENT',NULL,'true','true','text','true',NULL,12,NULL,NULL,NULL,'false',NULL,NULL,NULL,'false'),('a37a4e59a4c84276a3f7bfc14953dbf8','86920d2785ca4e4f9d6f3df71017266e','SERVICE_DATE','serviceDate','SERVICE_DATE',NULL,'true','true','text','true',NULL,13,NULL,NULL,NULL,'false',NULL,NULL,NULL,'false'),('2d0757c066d5470da0c358ec57e872de','86920d2785ca4e4f9d6f3df71017266e','DISPLAY_FLAG','displayFlag','0：不显示，1：显示（默认）',NULL,'true','true','text','true',NULL,14,NULL,NULL,NULL,'false',NULL,NULL,NULL,'false'),('5f761e04bee8408183e4315ef912983c','235d7bfd35b34bf19754e104cbc0ca12','ID','id','ID',NULL,'true','true','text','true',NULL,0,NULL,NULL,NULL,'false',NULL,NULL,NULL,'false'),('9daa1fe8affb466fa1f39e3b869d475c','235d7bfd35b34bf19754e104cbc0ca12','PARENT_ID','parentId','PARENT_ID',NULL,'true','true','text','true',NULL,1,NULL,NULL,NULL,'false',NULL,NULL,NULL,'false'),('8c68c131cfbd4faf9bda508b4315fe52','235d7bfd35b34bf19754e104cbc0ca12','CODE','code','CODE',NULL,'true','true','text','true',NULL,2,NULL,NULL,NULL,'false',NULL,NULL,NULL,'false'),('187064f39f6f4304ac038bd0df5a541a','235d7bfd35b34bf19754e104cbc0ca12','NAME','name','名称',NULL,'true','true','text','true',NULL,3,NULL,NULL,NULL,'false',NULL,NULL,NULL,'false'),('b6bb03a6e9bc4ad19538bcf32a1688f2','235d7bfd35b34bf19754e104cbc0ca12','LOGO','logo','LOGO',NULL,'true','true','text','true',NULL,4,NULL,NULL,NULL,'false',NULL,NULL,NULL,'false'),('09682add81a147da8642356ba2654c2e','235d7bfd35b34bf19754e104cbc0ca12','DISPLAY_FLAG','displayFlag','0：不显示，1：显示（默认）',NULL,'true','true','text','true',NULL,5,NULL,NULL,NULL,'false',NULL,NULL,NULL,'false'),('258841b496c547e392478a129597fdad','235d7bfd35b34bf19754e104cbc0ca12','ORDER_NO','orderNo','订单号',NULL,'true','true','text','true',NULL,6,NULL,NULL,NULL,'false',NULL,NULL,NULL,'false'),('6f2b2779cf2d4882864bce813e9b0fc0','235d7bfd35b34bf19754e104cbc0ca12','CHILD','child','1：有，0：没有（默认）',NULL,'true','true','text','true',NULL,7,NULL,NULL,NULL,'false',NULL,NULL,NULL,'false'),('3ee732ffb10143c0873e3c1d4e5ab68d','235d7bfd35b34bf19754e104cbc0ca12','PRICE_RANGE','priceRange','PRICE_RANGE',NULL,'true','true','text','true',NULL,8,NULL,NULL,NULL,'false',NULL,NULL,NULL,'false'),('901a025f72db41a3984814bf4f473fda','235d7bfd35b34bf19754e104cbc0ca12','TEMPLATE_ID','templateId','TEMPLATE_ID',NULL,'true','true','text','true',NULL,9,NULL,NULL,NULL,'false',NULL,NULL,NULL,'false'),('194575fea65f46468ef0933ea01ab975','235d7bfd35b34bf19754e104cbc0ca12','DISPLAY_FLAG2','displayFlag2','0：不显示，1：显示（默认）',NULL,'true','true','text','true',NULL,10,NULL,NULL,NULL,'false',NULL,NULL,NULL,'false'),('fca92111ef764ded9c67009b68631615','235d7bfd35b34bf19754e104cbc0ca12','CREATE_USER_ID','createUserId','CREATE_USER_ID',NULL,'true','true','text','true',NULL,11,NULL,NULL,NULL,'false',NULL,NULL,NULL,'false'),('d37b96dcc55a43fc94dccfc553a0dd49','235d7bfd35b34bf19754e104cbc0ca12','CREATE_DATE','createDate','CREATE_DATE',NULL,'true','true','text','true',NULL,12,NULL,NULL,NULL,'false',NULL,NULL,NULL,'false'),('1edbcd29dc914a3581c3944e1655eab1','235d7bfd35b34bf19754e104cbc0ca12','UPDATE_USER_ID','updateUserId','UPDATE_USER_ID',NULL,'true','true','text','true',NULL,13,NULL,NULL,NULL,'false',NULL,NULL,NULL,'false'),('2a3618544b2a4fa6b9213fd440be9468','235d7bfd35b34bf19754e104cbc0ca12','UPDATE_DATE','updateDate','UPDATE_DATE',NULL,'true','true','text','true',NULL,14,NULL,NULL,NULL,'false',NULL,NULL,NULL,'false'),('32ca756476904fb58fbbd3ef6642e952','9c0fb96400064cfea1006a6bd20c4d42','ID','id','ID',NULL,'true','true','text','true',NULL,0,NULL,NULL,NULL,'false',NULL,NULL,NULL,'false'),('19df0feb34544578a457453494d84f68','9c0fb96400064cfea1006a6bd20c4d42','CATALOG_ID','catalogId','CATALOG_ID',NULL,'true','true','text','true',NULL,1,NULL,NULL,NULL,'false',NULL,NULL,NULL,'false'),('7c2493918d914ec3b48444ad611bfadb','9c0fb96400064cfea1006a6bd20c4d42','FIELD_NAME','fieldName','FIELD_NAME',NULL,'true','true','text','true',NULL,2,NULL,NULL,NULL,'false',NULL,NULL,NULL,'false'),('3f40d068a1194f5c8e508abac862bc37','9c0fb96400064cfea1006a6bd20c4d42','PROPERTY_NAME','propertyName','PROPERTY_NAME',NULL,'true','true','text','true',NULL,3,NULL,NULL,NULL,'false',NULL,NULL,NULL,'false'),('424b7bfaab93494584e086b3475b480c','9c0fb96400064cfea1006a6bd20c4d42','PROPERTY_TYPE','propertyType','T：文本输入，S：选择输入, C：多选输入',NULL,'true','true','text','true',NULL,4,NULL,NULL,NULL,'false',NULL,NULL,NULL,'false'),('ee263a8cd98647d0b91288e4f59a7ccc','9c0fb96400064cfea1006a6bd20c4d42','PROPERTY_VALUES','propertyValues','S：使用“,”分割，T：正则表达式',NULL,'true','true','text','true',NULL,5,NULL,NULL,NULL,'false',NULL,NULL,NULL,'false'),('b7747280951f4eccb344264706315ada','9c0fb96400064cfea1006a6bd20c4d42','SEARCH_FLAG','searchFlag','0：不可搜索，1：可搜索（默认）',NULL,'true','true','text','true',NULL,6,NULL,NULL,NULL,'false',NULL,NULL,NULL,'false'),('f52e75b132594ad39e7f9fc5fec52ee6','9c0fb96400064cfea1006a6bd20c4d42','ORDER_NO','orderNo','ORDER_NO',NULL,'true','true','text','true',NULL,7,NULL,NULL,NULL,'false',NULL,NULL,NULL,'false'),('712daf04f8a9436fbf43337f225d62bc','9c0fb96400064cfea1006a6bd20c4d42','DISPLAY_FLAG','displayFlag','0：不显示，1：显示（默认）',NULL,'true','true','text','true',NULL,8,NULL,NULL,NULL,'false',NULL,NULL,NULL,'false'),('4b64f92aa05b401982174986fe85d604','9c0fb96400064cfea1006a6bd20c4d42','CLUSTERING_FLAG','clusteringFlag','0：不聚类（默认），1：聚类',NULL,'true','true','text','true',NULL,9,NULL,NULL,NULL,'false',NULL,NULL,NULL,'false'),('92925033f433466e8c0261ef165f5dd3','9c0fb96400064cfea1006a6bd20c4d42','CREATE_USER_ID','createUserId','CREATE_USER_ID',NULL,'true','true','text','true',NULL,10,NULL,NULL,NULL,'false',NULL,NULL,NULL,'false'),('8ad700ea4c8947c1904b67ed9149bfc0','9c0fb96400064cfea1006a6bd20c4d42','CREATE_DATE','createDate','CREATE_DATE',NULL,'true','true','text','true',NULL,11,NULL,NULL,NULL,'false',NULL,NULL,NULL,'false'),('f55fa1bf933141a085c3b4040e24770e','9c0fb96400064cfea1006a6bd20c4d42','UPDATE_USER_ID','updateUserId','UPDATE_USER_ID',NULL,'true','true','text','true',NULL,12,NULL,NULL,NULL,'false',NULL,NULL,NULL,'false'),('211997354c8b4348af6ea0d4a95d3f13','9c0fb96400064cfea1006a6bd20c4d42','UPDATE_DATE','updateDate','UPDATE_DATE',NULL,'true','true','text','true',NULL,13,NULL,NULL,NULL,'false',NULL,NULL,NULL,'false'),('13b74fee6be84b1aa7c9715dac5780bf','5a3d3c99be8f4aaebb467b1cf6b45c58','ID','id','ID',NULL,'true','true','text','true',NULL,0,NULL,NULL,NULL,'false',NULL,NULL,NULL,'false'),('ae34dec9d9284ddd87b600e6cb63ea81','5a3d3c99be8f4aaebb467b1cf6b45c58','FLOW_NAME','flowName','流程名称',NULL,'true','true','text','true',NULL,1,NULL,NULL,NULL,'false',NULL,NULL,NULL,'false'),('c56ac65680ac4c0fbd966f96416f6c00','5a3d3c99be8f4aaebb467b1cf6b45c58','USE_FLAG','useFlag','是否启用',NULL,'true','true','text','true',NULL,2,NULL,NULL,NULL,'false',NULL,NULL,NULL,'false'),('540ac7f4af204debb484cbcd2bc712b9','5a3d3c99be8f4aaebb467b1cf6b45c58','ORDER_NO','orderNo','排序号',NULL,'true','true','text','true',NULL,3,NULL,NULL,NULL,'false',NULL,NULL,NULL,'false'),('c3fc7d91fa06482187983d85bbc32c17','cc027f66b6774327b52d36a668f99e67','ID','id','ID',NULL,'true','true','text','true',NULL,0,NULL,NULL,NULL,'false',NULL,NULL,NULL,'false'),('e59c753602f84e719c546b6271fe0abc','cc027f66b6774327b52d36a668f99e67','USER_ID','userId','USER_ID',NULL,'true','true','text','true',NULL,1,NULL,NULL,NULL,'false',NULL,NULL,NULL,'false'),('5b8f5254712547c399f0bd45fed30db3','cc027f66b6774327b52d36a668f99e67','USER_NAME','userName','USER_NAME',NULL,'true','true','text','true',NULL,2,NULL,NULL,NULL,'false',NULL,NULL,NULL,'false'),('e82c45bb7ffa4598bc1d48eac46c6c08','cc027f66b6774327b52d36a668f99e67','TOPIC','topic','TOPIC',NULL,'true','true','text','true',NULL,3,NULL,NULL,NULL,'false',NULL,NULL,NULL,'false'),('5bd4210a77524681ae0ebe60c74ec810','cc027f66b6774327b52d36a668f99e67','TYPE','type','S系统U用户',NULL,'true','true','text','true',NULL,4,NULL,NULL,NULL,'false',NULL,NULL,NULL,'false'),('34acc4fa8dc14411957d4d3468091976','cc027f66b6774327b52d36a668f99e67','CONTENT','content','CONTENT',NULL,'true','true','text','true',NULL,5,NULL,NULL,NULL,'false',NULL,NULL,NULL,'false'),('9fcb3b7bd7d5424d80b086910c74bd6f','cc027f66b6774327b52d36a668f99e67','SEND_DATE','sendDate','SEND_DATE',NULL,'true','true','text','true',NULL,6,NULL,NULL,NULL,'false',NULL,NULL,NULL,'false'),('64f96079dfe14494b37fea4f1e194656','cc027f66b6774327b52d36a668f99e67','SEND_USER_ID','sendUserId','SEND_USER_ID',NULL,'true','true','text','true',NULL,7,NULL,NULL,NULL,'false',NULL,NULL,NULL,'false'),('f907c1c5e8eb425f96d0d4d7c29a8eb7','cc027f66b6774327b52d36a668f99e67','REVC_USER_ID','revcUserId','REVC_USER_ID',NULL,'true','true','text','true',NULL,8,NULL,NULL,NULL,'false',NULL,NULL,NULL,'false'),('bb102ab2e4f14f228af4fa19d8337c10','cc027f66b6774327b52d36a668f99e67','DISPLAY_FLAG','displayFlag','0：不显示，1：显示（默认）',NULL,'true','true','text','true',NULL,9,NULL,NULL,NULL,'false',NULL,NULL,NULL,'false'),('040db6bae8ce4cfca019163ed85c9cf1','deaf94e74934428bba6dddce09f606c6','ID','id','ID',NULL,'true','true','text','true',NULL,0,NULL,NULL,NULL,'false',NULL,NULL,NULL,'false'),('c9ec919967d24a049243d072fa4ca448','deaf94e74934428bba6dddce09f606c6','NORM_ID','normId','NORM_ID',NULL,'true','true','text','true',NULL,1,NULL,NULL,NULL,'false',NULL,NULL,NULL,'false'),('650bf80eb4434527947044abf67f320f','deaf94e74934428bba6dddce09f606c6','NORM_DT_NAME','normDtName','NORM_DT_NAME',NULL,'true','true','text','true',NULL,2,NULL,NULL,NULL,'false',NULL,NULL,NULL,'false'),('97e2d67264df42c79c18b7a76b966082','deaf94e74934428bba6dddce09f606c6','SHOW_NORM_DT_NAME','showNormDtName','SHOW_NORM_DT_NAME',NULL,'true','true','text','true',NULL,3,NULL,NULL,NULL,'false',NULL,NULL,NULL,'false'),('a16b79ed93774e4f97820f5b335afb87','deaf94e74934428bba6dddce09f606c6','ORDER_NO','orderNo','ORDER_NO',NULL,'true','true','text','true',NULL,4,NULL,NULL,NULL,'false',NULL,NULL,NULL,'false'),('2f6ebd95c91b46ae8265e3a6fca308a8','f917d835a99d474ba7136034320e0aae','ID','id','id',NULL,'true','true','text','true',NULL,0,NULL,NULL,NULL,'false',NULL,NULL,NULL,'false'),('5bd40f1eb5604e7ea780b429ea512e31','f917d835a99d474ba7136034320e0aae','NAME','name','',NULL,'true','true','text','true',NULL,1,NULL,NULL,NULL,'false',NULL,NULL,NULL,'false'),('93ab39595f0f49c2b1a45f543b515b74','f917d835a99d474ba7136034320e0aae','STATUS','status','“0”：不显示，“1”：显示（默认）',NULL,'true','true','text','true',NULL,2,NULL,NULL,NULL,'false',NULL,NULL,NULL,'false'),('e9595fea355844a68c5a72a7016d5547','f917d835a99d474ba7136034320e0aae','ORDER_NO','orderNo','',NULL,'true','true','text','true',NULL,3,NULL,NULL,NULL,'false',NULL,NULL,NULL,'false'),('95ae18c3b5ad4efcaa1f886cba852689','717462428d9240f88019ec2cc7bfe0c9','ID','id','213',NULL,'true','true','text','true',NULL,0,NULL,NULL,NULL,'false',NULL,NULL,NULL,'false'),('753d3815261d4f24a1b568cd3bd94358','717462428d9240f88019ec2cc7bfe0c9','PROVINCE_ID','provinceId','123',NULL,'true','true','text','true',NULL,1,NULL,NULL,NULL,'false',NULL,NULL,NULL,'false'),('21c2d17bc7394fb1be933d0604bf0a65','717462428d9240f88019ec2cc7bfe0c9','NAME','name','213',NULL,'true','true','text','true',NULL,2,NULL,NULL,NULL,'false',NULL,NULL,NULL,'false'),('d8fadee87e094a9e938a6fd2cee70b50','717462428d9240f88019ec2cc7bfe0c9','STATUS','status','“0”：不显示，“1”：显示（默认）',NULL,'true','true','text','true',NULL,3,NULL,NULL,NULL,'false',NULL,NULL,NULL,'false'),('cbb575e1708540a095dc3a28ff236ce3','717462428d9240f88019ec2cc7bfe0c9','ORDER_NO','orderNo','123',NULL,'true','true','text','true',NULL,4,NULL,NULL,NULL,'false',NULL,NULL,NULL,'false'),('f9a67f374d8443609fb8290b6c1391a8','172912da01fb46449c529456206c2f4c','ID','id','',NULL,'true','true','text','true',NULL,0,NULL,NULL,NULL,'false',NULL,NULL,NULL,'false'),('cbd96de697f249c1bf8bd579a89ecc40','172912da01fb46449c529456206c2f4c','CITY_ID','cityId','',NULL,'true','true','text','true',NULL,1,NULL,NULL,NULL,'false',NULL,NULL,NULL,'false'),('ae7ffc8a339746d4a4ae362d7848b5df','172912da01fb46449c529456206c2f4c','NAME','name','',NULL,'true','true','text','true',NULL,2,NULL,NULL,NULL,'false',NULL,NULL,NULL,'false'),('a089a4c99d504ae5bfcda1d4379eb081','172912da01fb46449c529456206c2f4c','STATUS','status','“0”：不显示，“1”：显示（默认）',NULL,'true','true','text','true',NULL,3,NULL,NULL,NULL,'false',NULL,NULL,NULL,'false'),('ecaeae2be2ba4b76920ff1a39e80c06b','172912da01fb46449c529456206c2f4c','PAY_MODE','payMode','货到付款 “0”：不支持（默认），“1”：支持',NULL,'true','true','text','true',NULL,4,NULL,NULL,NULL,'false',NULL,NULL,NULL,'false'),('dc2c73c014614c37b0d4e9140ee2ecfc','172912da01fb46449c529456206c2f4c','ORDER_NO','orderNo','',NULL,'true','true','text','true',NULL,5,NULL,NULL,NULL,'false',NULL,NULL,NULL,'false'),('e064ea236f2b48de8455e50ba97f1e52','fd27e4abc1f0493d845035f8a046f8f1','ID','id','ID',NULL,'true','true','text','true',NULL,0,NULL,NULL,NULL,'false',NULL,NULL,NULL,'false'),('016c666db5a14fe78ad4b5be80425a8a','fd27e4abc1f0493d845035f8a046f8f1','CATALOG_ID','catalogId','CATALOG_ID',NULL,'true','true','text','true',NULL,1,NULL,NULL,NULL,'false',NULL,NULL,NULL,'false'),('1e1c707665d34c27be761e164eaa92eb','fd27e4abc1f0493d845035f8a046f8f1','CODE','code','CODE',NULL,'true','true','text','true',NULL,2,NULL,NULL,NULL,'false',NULL,NULL,NULL,'false'),('6e30e91de72a411a893b5629436db72f','fd27e4abc1f0493d845035f8a046f8f1','PRODUCT_NO','productNo','PRODUCT_NO',NULL,'true','true','text','true',NULL,3,NULL,NULL,NULL,'false',NULL,NULL,NULL,'false'),('79e4bf4346504551b37a306553635123','fd27e4abc1f0493d845035f8a046f8f1','UPC_CODE','upcCode','UPC_CODE',NULL,'true','true','text','true',NULL,4,NULL,NULL,NULL,'false',NULL,NULL,NULL,'false'),('4fd2db892688481f8b8c63287be2acfe','fd27e4abc1f0493d845035f8a046f8f1','NAME','name','NAME',NULL,'true','true','text','true',NULL,5,NULL,NULL,NULL,'false',NULL,NULL,NULL,'false'),('42c35ade37704dfeafec53f2216b9332','fd27e4abc1f0493d845035f8a046f8f1','SHOW_NAME','showName','SHOW_NAME',NULL,'true','true','text','true',NULL,6,NULL,NULL,NULL,'false',NULL,NULL,NULL,'false'),('3c675cf2d91540568cd8554e9fa09f1f','fd27e4abc1f0493d845035f8a046f8f1','PRODUCT_LABEL','productLabel','用',NULL,'true','true','text','true',NULL,7,NULL,NULL,NULL,'false',NULL,NULL,NULL,'false'),('ebf159fe136a440d9206dea0f78785f8','fd27e4abc1f0493d845035f8a046f8f1','BRAND_ID','brandId','BRAND_ID',NULL,'true','true','text','true',NULL,8,NULL,NULL,NULL,'false',NULL,NULL,NULL,'false'),('069d4c66c5e245588aa5aa44f4da85fc','fd27e4abc1f0493d845035f8a046f8f1','BRAND_NAME','brandName','BRAND_NAME',NULL,'true','true','text','true',NULL,9,NULL,NULL,NULL,'false',NULL,NULL,NULL,'false'),('868662f3eed0477c97247bfd75dd60eb','fd27e4abc1f0493d845035f8a046f8f1','LARGESS_FLAG','largessFlag','1：赠品，0：非赠品（默认）',NULL,'true','true','text','true',NULL,10,NULL,NULL,NULL,'false',NULL,NULL,NULL,'false'),('2e8a2338367340ca83c9a4b679a3b4b2','fd27e4abc1f0493d845035f8a046f8f1','MARKET_PRICE','marketPrice','MARKET_PRICE',NULL,'true','true','text','true',NULL,11,NULL,NULL,NULL,'false',NULL,NULL,NULL,'false'),('8e6151cafb8d4dd88926cc883dfe4dcd','fd27e4abc1f0493d845035f8a046f8f1','WEB_PRICE','webPrice','WEB_PRICE',NULL,'true','true','text','true',NULL,12,NULL,NULL,NULL,'false',NULL,NULL,NULL,'false'),('bca25a96b5eb4a3baf999089e0bdaf00','fd27e4abc1f0493d845035f8a046f8f1','SALE_PRICE','salePrice','SALE_PRICE',NULL,'true','true','text','true',NULL,13,NULL,NULL,NULL,'false',NULL,NULL,NULL,'false'),('fb6a7346b50f4537bb50acc6e48b48e7','fd27e4abc1f0493d845035f8a046f8f1','COST_PRICE','costPrice','COST_PRICE',NULL,'true','true','text','true',NULL,14,NULL,NULL,NULL,'false',NULL,NULL,NULL,'false'),('e4f6c669cb0a428ea49ed52888780fcb','fd27e4abc1f0493d845035f8a046f8f1','BOTTOM_PRICE','bottomPrice','BOTTOM_PRICE',NULL,'true','true','text','true',NULL,15,NULL,NULL,NULL,'false',NULL,NULL,NULL,'false'),('e4679148185c4905aaf543c78cbbb8fa','fd27e4abc1f0493d845035f8a046f8f1','SALE_LANG','saleLang','SALE_LANG',NULL,'true','true','text','true',NULL,16,NULL,NULL,NULL,'false',NULL,NULL,NULL,'false'),('ea82dd6cf73c47758d10a1ebb38e9705','fd27e4abc1f0493d845035f8a046f8f1','PARTICULAR_INTRO','particularIntro','PARTICULAR_INTRO',NULL,'true','true','text','true',NULL,17,NULL,NULL,NULL,'false',NULL,NULL,NULL,'false'),('ebd6aec63b5d421785baa3ff31093858','fd27e4abc1f0493d845035f8a046f8f1','SALE_TIME','saleTime','SALE_TIME',NULL,'true','true','text','true',NULL,18,NULL,NULL,NULL,'false',NULL,NULL,NULL,'false'),('a30bbebeb27046089d7c25f77a03f5ea','fd27e4abc1f0493d845035f8a046f8f1','SALE_FLAG','saleFlag','1：上架，0：下架（默认）',NULL,'true','true','text','true',NULL,19,NULL,NULL,NULL,'false',NULL,NULL,NULL,'false'),('04e3b1b7ee4a47c9bf2e0699649257f3','fd27e4abc1f0493d845035f8a046f8f1','ERP_SALE_FLAG','erpSaleFlag','1：上架，0：下架（默认）',NULL,'true','true','text','true',NULL,20,NULL,NULL,NULL,'false',NULL,NULL,NULL,'false'),('e953152878404b8a9f6ba47ccaa38282','fd27e4abc1f0493d845035f8a046f8f1','COMBINATION_FLAG','combinationFlag','1：组合，0：非组合（默认）',NULL,'true','true','text','true',NULL,21,NULL,NULL,NULL,'false',NULL,NULL,NULL,'false'),('0b6024ad31704789900e684679997993','fd27e4abc1f0493d845035f8a046f8f1','STORES','stores','STORES',NULL,'true','true','text','true',NULL,22,NULL,NULL,NULL,'false',NULL,NULL,NULL,'false'),('1e6bc074aba04404bd0e44a11cc69b80','fd27e4abc1f0493d845035f8a046f8f1','OCCUPATIONS','occupations','OCCUPATIONS',NULL,'true','true','text','true',NULL,23,NULL,NULL,NULL,'false',NULL,NULL,NULL,'false'),('1d2cabb0dfde45ba9b0ea7660437d2b1','fd27e4abc1f0493d845035f8a046f8f1','BASE_LINE','baseLine','BASE_LINE',NULL,'true','true','text','true',NULL,24,NULL,NULL,NULL,'false',NULL,NULL,NULL,'false'),('63a59e6fcff64cdb891ac3adbfdbe9e3','fd27e4abc1f0493d845035f8a046f8f1','STORES_NEGATIVE','storesNegative','STORES_NEGATIVE',NULL,'true','true','text','true',NULL,25,NULL,NULL,NULL,'false',NULL,NULL,NULL,'false'),('34067cd7385e497e9146e551537130bb','fd27e4abc1f0493d845035f8a046f8f1','BASE_BAR_CODE','baseBarCode','BASE_BAR_CODE',NULL,'true','true','text','true',NULL,26,NULL,NULL,NULL,'false',NULL,NULL,NULL,'false'),('8b9b261c0d824b14aa739800996efeda','fd27e4abc1f0493d845035f8a046f8f1','BAR_CODE','barCode','BAR_CODE',NULL,'true','true','text','true',NULL,27,NULL,NULL,NULL,'false',NULL,NULL,NULL,'false'),('855096c502bc43d981f6c7307a437142','fd27e4abc1f0493d845035f8a046f8f1','PRODUCT_SPEC','productSpec','PRODUCT_SPEC',NULL,'true','true','text','true',NULL,28,NULL,NULL,NULL,'false',NULL,NULL,NULL,'false'),('5d8a0892ed9e459c8ab87dcd94414bb4','fd27e4abc1f0493d845035f8a046f8f1','SHORT_CODE','shortCode','SHORT_CODE',NULL,'true','true','text','true',NULL,29,NULL,NULL,NULL,'false',NULL,NULL,NULL,'false'),('2a7d936c84db460aaf9ce262e0fe57b4','fd27e4abc1f0493d845035f8a046f8f1','STORE_PLACE','storePlace','STORE_PLACE',NULL,'true','true','text','true',NULL,30,NULL,NULL,NULL,'false',NULL,NULL,NULL,'false'),('e93f2a8e44654e6fba9a277ba7d2f1bd','fd27e4abc1f0493d845035f8a046f8f1','PICTURES','pictures','PICTURES',NULL,'true','true','text','true',NULL,31,NULL,NULL,NULL,'false',NULL,NULL,NULL,'false'),('eb844fa24b874d859a79adaecc121c74','fd27e4abc1f0493d845035f8a046f8f1','ORIGIN','origin','ORIGIN',NULL,'true','true','text','true',NULL,32,NULL,NULL,NULL,'false',NULL,NULL,NULL,'false'),('082838344ffa47aab6d2fe03ab97600b','fd27e4abc1f0493d845035f8a046f8f1','MANUFACTURER','manufacturer','MANUFACTURER',NULL,'true','true','text','true',NULL,33,NULL,NULL,NULL,'false',NULL,NULL,NULL,'false'),('522f1be471544b2183b5855ab45b184f','fd27e4abc1f0493d845035f8a046f8f1','PACK','pack','PACK',NULL,'true','true','text','true',NULL,34,NULL,NULL,NULL,'false',NULL,NULL,NULL,'false'),('1e9513b7a2be472db60e9e74f3bc11b0','fd27e4abc1f0493d845035f8a046f8f1','ORDER_NO','orderNo','ORDER_NO',NULL,'true','true','text','true',NULL,35,NULL,NULL,NULL,'false',NULL,NULL,NULL,'false'),('6ae8de9b1aea4af590367775f36f0da9','fd27e4abc1f0493d845035f8a046f8f1','SYN_FLAG','synFlag','1：不同步，0：同步（默认）',NULL,'true','true','text','true',NULL,36,NULL,NULL,NULL,'false',NULL,NULL,NULL,'false'),('8318362099664256b07fb800fbd679f0','fd27e4abc1f0493d845035f8a046f8f1','WEIGHT','weight','克',NULL,'true','true','text','true',NULL,37,NULL,NULL,NULL,'false',NULL,NULL,NULL,'false'),('0fc9a457393f49e7b50685081947fee5','fd27e4abc1f0493d845035f8a046f8f1','CUBAGE','cubage','立方厘米',NULL,'true','true','text','true',NULL,38,NULL,NULL,NULL,'false',NULL,NULL,NULL,'false'),('e82146d5e0904338b7b564ccf84e6a13','fd27e4abc1f0493d845035f8a046f8f1','CREATE_DATE','createDate','CREATE_DATE',NULL,'true','true','text','true',NULL,39,NULL,NULL,NULL,'false',NULL,NULL,NULL,'false'),('d481a320abc94de2b53b723f256786ec','fd27e4abc1f0493d845035f8a046f8f1','UPDATE_DATE','updateDate','UPDATE_DATE',NULL,'true','true','text','true',NULL,40,NULL,NULL,NULL,'false',NULL,NULL,NULL,'false'),('a3d74c09b9034594b12cc03ec387b341','fe26996898b047e6bcbe8a79b97c3170','ID','id','ID',NULL,'true','true','text','true',NULL,0,NULL,NULL,NULL,'false',NULL,NULL,NULL,'false'),('6cafd8c0a42a46aa86dd2aa9cab50f5d','fe26996898b047e6bcbe8a79b97c3170','NAME','name','NAME',NULL,'true','true','text','true',NULL,1,NULL,NULL,NULL,'false',NULL,NULL,NULL,'false'),('1383112b923246aca7af3ea90b8ac003','fe26996898b047e6bcbe8a79b97c3170','CONTENT','content','CONTENT',NULL,'true','true','text','true',NULL,2,NULL,NULL,NULL,'false',NULL,NULL,NULL,'false'),('c63071bb63254c2eb4bea1d5fe381ad1','fe26996898b047e6bcbe8a79b97c3170','RELATION_FIELD','relationField','RELATION_FIELD',NULL,'true','true','text','true',NULL,3,NULL,NULL,NULL,'false',NULL,NULL,NULL,'false'),('eb627ad6f9654ecd86e6d90ad7d860d6','fe26996898b047e6bcbe8a79b97c3170','IS_SYSTEM','isSystem','IS_SYSTEM',NULL,'true','true','text','true',NULL,4,NULL,NULL,NULL,'false',NULL,NULL,NULL,'false'),('8b6c47797f25404d97334aeca380f4ec','fe26996898b047e6bcbe8a79b97c3170','INPUT_TYPE','inputType','INPUT_TYPE',NULL,'true','true','text','true',NULL,5,NULL,NULL,NULL,'false',NULL,NULL,NULL,'false'),('c46a40efabc0438e973c5863af91230f','fe26996898b047e6bcbe8a79b97c3170','INPUT_CONTENT','inputContent','INPUT_CONTENT',NULL,'true','true','text','true',NULL,6,NULL,NULL,NULL,'false',NULL,NULL,NULL,'false'),('cb5c294df1e24d62b511084375adf52d','fe26996898b047e6bcbe8a79b97c3170','SORT','sort','SORT',NULL,'true','true','text','true',NULL,7,NULL,NULL,NULL,'false',NULL,NULL,NULL,'false'),('d2d754233f544777a5729ff59782722e','fe26996898b047e6bcbe8a79b97c3170','IS_USE','isUse','IS_USE',NULL,'true','true','text','true',NULL,8,NULL,NULL,NULL,'false',NULL,NULL,NULL,'false'),('64bb2fa273f44625ac2a1bb061b43b32','5db2c90497e046e08c58932d122bc024','ID','id','ID',NULL,'false','false','text','true',NULL,0,NULL,NULL,NULL,'false',NULL,NULL,NULL,'false'),('c845429f9521453f96964dfb7f3c6531','5db2c90497e046e08c58932d122bc024','SZBM','szbm','税种编码',NULL,'true','true','text','true',NULL,1,NULL,NULL,NULL,'false',NULL,NULL,NULL,'false'),('836e418a30b44d77b221cc70afa8fa9b','5db2c90497e046e08c58932d122bc024','SMBM','smbm','税目编码',NULL,'true','true','text','true',NULL,2,NULL,NULL,NULL,'false',NULL,NULL,NULL,'false'),('33ef2ba9408245ce8bf626018ebd9b0f','5db2c90497e046e08c58932d122bc024','SMMC','smmc','税目名称',NULL,'true','true','text','true',NULL,3,NULL,NULL,NULL,'false',NULL,NULL,NULL,'false'),('810f330300804471a280ed71d813cd8f','5db2c90497e046e08c58932d122bc024','SL','sl','税率',NULL,'true','true','text','true',NULL,4,NULL,NULL,NULL,'false',NULL,NULL,NULL,'false'),('bf3dea93fd4c40c1b69f84756de89857','5db2c90497e046e08c58932d122bc024','SMSY','smsy','税目索引',NULL,'true','true','text','true',NULL,5,NULL,NULL,NULL,'false',NULL,NULL,NULL,'false'),('2014cb192c4f4a1bb68ef0b75d26be87','5db2c90497e046e08c58932d122bc024','STATUS','status','状态',NULL,'true','true','text','true',NULL,6,NULL,NULL,NULL,'false',NULL,NULL,NULL,'false'),('a08e6773782c4f6cade469a4500589f9','5ff1ecd3ce694e1a8bc0b2145f26c444','ID','id','ID',NULL,'false','false','text','true',NULL,0,NULL,NULL,NULL,'false',NULL,NULL,NULL,'false'),('6dd5508ce511486e84fe1023bcbde330','5ff1ecd3ce694e1a8bc0b2145f26c444','PARENTID','parentid','PARENTID',NULL,'false','false','text','true',NULL,1,NULL,NULL,NULL,'false',NULL,NULL,NULL,'false'),('1baeac93013741e1901ed2d39a24ed3f','5ff1ecd3ce694e1a8bc0b2145f26c444','MENU_NAME','menuName','菜单名称',NULL,'true','true','text','true',NULL,2,NULL,NULL,NULL,'false',NULL,NULL,NULL,'false'),('f23f024547fb4be88e5b9b157a8477d5','5ff1ecd3ce694e1a8bc0b2145f26c444','MENU_URL','menuUrl','菜单地址',NULL,'true','true','text','true',NULL,3,NULL,NULL,NULL,'false',NULL,NULL,NULL,'false'),('d80e5548e7674cc0a087314d0d39e937','5ff1ecd3ce694e1a8bc0b2145f26c444','ORDERLIST','orderlist','排序号',NULL,'true','true','text','true',NULL,4,NULL,NULL,NULL,'false',NULL,NULL,NULL,'false'),('604de1d931804926a62d8cdee85a4c02','5ff1ecd3ce694e1a8bc0b2145f26c444','TYPE','type','类型 0 左菜单 1子菜单',NULL,'false','false','text','true',NULL,5,NULL,NULL,NULL,'false',NULL,NULL,NULL,'false'),('43ed7fd7d2e446e8b6dcd3de8af70256','25d0990b7bd64b9ca0f425b8a7f59db3','ID','id','ID',NULL,'true','true','text','true',NULL,0,NULL,NULL,NULL,'false',NULL,NULL,NULL,'false'),('747d80cbd0fe4910816332a86cfa6415','25d0990b7bd64b9ca0f425b8a7f59db3','ROLE_NAME','roleName','角色名称',NULL,'true','true','text','true',NULL,1,NULL,NULL,NULL,'false',NULL,NULL,NULL,'false'),('527d1bacbde04a459c2fd2a68903d37e','25d0990b7bd64b9ca0f425b8a7f59db3','REMARK','remark','备注',NULL,'true','true','text','true',NULL,2,NULL,NULL,NULL,'false',NULL,NULL,NULL,'false'),('69d3ce4c55a74adf9ee5b0a1a7b96b8a','25d0990b7bd64b9ca0f425b8a7f59db3','CTIME','ctime','创建时间',NULL,'true','true','text','true',NULL,3,NULL,NULL,NULL,'false',NULL,NULL,NULL,'false'),('a2ded7b267bc42919c353d450bd73471','25d0990b7bd64b9ca0f425b8a7f59db3','C_BY','cBy','创建人',NULL,'true','true','text','true',NULL,4,NULL,NULL,NULL,'false',NULL,NULL,NULL,'false'),('6a6842125e9341ef8177e09a161afede','f68c4583d01b4d1abddb58cbaf5410a5','ID','id','ID',NULL,'true','true','text','true',NULL,0,NULL,NULL,NULL,'false',NULL,NULL,NULL,'false'),('3bc6a0cf249c4fb081ea5e2d744df922','f68c4583d01b4d1abddb58cbaf5410a5','USERNAME','username','登陆名',NULL,'true','true','text','true',NULL,1,NULL,NULL,NULL,'false',NULL,NULL,NULL,'true'),('1755e81410a546f887ef171f5a51485e','f68c4583d01b4d1abddb58cbaf5410a5','PASSWORD','password','密码',NULL,'true','true','text','true',NULL,2,NULL,NULL,NULL,'false',NULL,NULL,NULL,'false'),('6f0fb5a4fdff4545860ffcf56dd4f875','f68c4583d01b4d1abddb58cbaf5410a5','REALNAME','realname','真实姓名',NULL,'true','true','text','true',NULL,3,NULL,NULL,NULL,'false',NULL,NULL,NULL,'true'),('dbebb562cf454ec4b56803a4b383ba5a','f68c4583d01b4d1abddb58cbaf5410a5','SWJGBM','swjgbm','税务机关编码',NULL,'true','true','text','true',NULL,4,NULL,NULL,NULL,'false',NULL,NULL,NULL,'false'),('d215314d6ec14a6c93954beabf749482','f68c4583d01b4d1abddb58cbaf5410a5','STATUS','status','0 不启用1 启用',NULL,'true','true','text','true',NULL,5,NULL,NULL,NULL,'false',NULL,NULL,NULL,'false'),('7b3a3f42b54d4e14aa82b2f1aa4028a9','6bd28494c24c4ff39f6850343f37942c','ID','id','ID',NULL,'true','true','text','true',NULL,0,NULL,NULL,NULL,'false',NULL,NULL,NULL,'false'),('63ef33c897854783bd99691c051f1c9c','6bd28494c24c4ff39f6850343f37942c','SJSWJGBM','sjswjgbm','上级税务机关编码',NULL,'true','true','text','true',NULL,1,NULL,NULL,NULL,'false',NULL,NULL,NULL,'false'),('0178a923a590436895b4b7a7c812b663','6bd28494c24c4ff39f6850343f37942c','SWJGBM','swjgbm','税务机关编码',NULL,'true','true','text','true',NULL,2,NULL,NULL,NULL,'false',NULL,NULL,NULL,'false'),('7b090219b5ef4a1dbceb513598ecf87f','6bd28494c24c4ff39f6850343f37942c','SWJGMC','swjgmc','税务机关名称',NULL,'true','true','text','true',NULL,3,NULL,NULL,NULL,'false',NULL,NULL,NULL,'false'),('0e2318be63da475aba221fee09ae83c3','6bd28494c24c4ff39f6850343f37942c','SWJGJC','swjgjc','税务机关简称',NULL,'true','true','text','true',NULL,4,NULL,NULL,NULL,'false',NULL,NULL,NULL,'false'),('97b551f9c7ca4c8bbb02428bc2247951','6bd28494c24c4ff39f6850343f37942c','STATUS','status','状态',NULL,'true','true','text','true',NULL,5,NULL,NULL,NULL,'false',NULL,NULL,NULL,'false'),('b17ab09135b446b98cc005c4a344cb93','0b9144437bfc41709fffae8033f0e5e3','ID','id','ID',NULL,'true','true','text','true',NULL,0,NULL,NULL,NULL,'false',NULL,NULL,NULL,'false'),('c5370d33856942629fcb6b6fa60ee403','0b9144437bfc41709fffae8033f0e5e3','JQXHBM','jqxhbm','机器型号编码',NULL,'true','true','text','true',NULL,1,NULL,NULL,NULL,'false',NULL,NULL,NULL,'false'),('20fdb5a6aa5f4d1b964ae65bc7600660','0b9144437bfc41709fffae8033f0e5e3','JQXHMC','jqxhmc','机器型号名称',NULL,'true','true','text','true',NULL,2,NULL,NULL,NULL,'false',NULL,NULL,NULL,'false'),('edf49e42318b49b6b159fac00dce9cc4','0b9144437bfc41709fffae8033f0e5e3','JQCS','jqcs','厂商',NULL,'true','true','text','true',NULL,3,NULL,NULL,NULL,'false',NULL,NULL,NULL,'false'),('e3e5a15659904a1486e9e892fd5d748f','0b9144437bfc41709fffae8033f0e5e3','STATUS','status','状态',NULL,'true','true','text','true',NULL,4,NULL,NULL,NULL,'false',NULL,NULL,NULL,'false'),('c73f3e9c105b4ef5a02992c8bda8f629','e13f60dcb79f4d759b505a893bcdd906','ID','id','ID',NULL,'true','true','text','true',NULL,0,NULL,NULL,NULL,'false',NULL,NULL,NULL,'false'),('1d449ab8853c406ba1a718d39485f5ef','e13f60dcb79f4d759b505a893bcdd906','PZBM','pzbm','票种编码',NULL,'true','true','text','true',NULL,1,NULL,NULL,NULL,'false',NULL,NULL,NULL,'false'),('33c0a787d4b848ab894cc8c927035fc1','e13f60dcb79f4d759b505a893bcdd906','PZMC','pzmc','票种名称',NULL,'true','true','text','true',NULL,2,NULL,NULL,NULL,'false',NULL,NULL,NULL,'false'),('c779e9c901a749159a99e8732be67eba','e13f60dcb79f4d759b505a893bcdd906','STATUS','status','状态',NULL,'true','true','text','true',NULL,3,NULL,NULL,NULL,'false',NULL,NULL,NULL,'false'),('bead5b8df2774c939339d879a5438c6f','00b29c6b35a44548928479d54d4190a4','ID','id','ID',NULL,'true','true','text','true',NULL,0,NULL,NULL,NULL,'false',NULL,NULL,NULL,'false'),('cb3d5fdf69cc46aeac8dd481d45d5101','00b29c6b35a44548928479d54d4190a4','NSRWJBM','nsrwjbm','纳税人编码',NULL,'true','true','text','true',NULL,1,NULL,NULL,NULL,'false',NULL,NULL,NULL,'true'),('f21cda5777664fa8875383323fdf22da','00b29c6b35a44548928479d54d4190a4','NSRSBH','nsrsbh','纳税人识别号',NULL,'true','true','text','true',NULL,2,NULL,NULL,NULL,'false',NULL,NULL,NULL,'true'),('e7823a12689a41d0bc04f3323d306627','00b29c6b35a44548928479d54d4190a4','NSRMC','nsrmc','纳税人名称',NULL,'true','true','text','true',NULL,3,NULL,NULL,NULL,'false',NULL,NULL,NULL,'true'),('06374a9fb8ce4695b90941b045aa48fb','00b29c6b35a44548928479d54d4190a4','JYDZ','jydz','经营地址',NULL,'true','true','text','true',NULL,4,NULL,NULL,NULL,'false',NULL,NULL,NULL,'false'),('7c7ed56724664e8598ea41128dff2b7a','00b29c6b35a44548928479d54d4190a4','FRDB','frdb','法人代表',NULL,'true','true','text','true',NULL,5,NULL,NULL,NULL,'false',NULL,NULL,NULL,'false'),('5d14e183dcba4f9e90012789a017d974','00b29c6b35a44548928479d54d4190a4','ZCLXBM','zclxbm','ZCLXBM',NULL,'true','true','text','true',NULL,6,NULL,NULL,NULL,'false',NULL,NULL,NULL,'false'),('a6eada624a774164914953619370f783','00b29c6b35a44548928479d54d4190a4','HYBM','hybm','行业编码',NULL,'true','true','text','true',NULL,7,NULL,NULL,NULL,'false',NULL,NULL,NULL,'false'),('9cbc499a88ca4f009be158c15a39edb9','00b29c6b35a44548928479d54d4190a4','HYMXBM','hymxbm','行业明细编码',NULL,'true','true','text','true',NULL,8,NULL,NULL,NULL,'false',NULL,NULL,NULL,'false'),('a94f2a6f81604456a93512be6f5b05ce','00b29c6b35a44548928479d54d4190a4','ZSFS','zsfs','征收方式',NULL,'true','true','text','true',NULL,9,NULL,NULL,NULL,'false',NULL,NULL,NULL,'false'),('e3cbe341d67d467e81fb2b5cd1b95981','00b29c6b35a44548928479d54d4190a4','YHDE','yhde','月核定额',NULL,'true','true','text','true',NULL,10,NULL,NULL,NULL,'false',NULL,NULL,NULL,'false'),('b7579c84ef5b4f578b5ee41c49c3fa56','00b29c6b35a44548928479d54d4190a4','SWJGBM','swjgbm','税务机关',NULL,'true','true','text','true',NULL,11,NULL,NULL,NULL,'false',NULL,NULL,NULL,'false'),('db0ba41b58014151a0c6e036bc122e8c','00b29c6b35a44548928479d54d4190a4','LXDH','lxdh','联系电话',NULL,'true','true','text','true',NULL,12,NULL,NULL,NULL,'false',NULL,NULL,NULL,'true'),('86d7594717e74e6ca9d9075dbb3b4474','00b29c6b35a44548928479d54d4190a4','STATUS','status','STATUS',NULL,'true','true','text','true',NULL,13,NULL,NULL,NULL,'false',NULL,NULL,NULL,'false'),('d2533333a6944779acdf1ebdf8233394','00b29c6b35a44548928479d54d4190a4','CTIME','ctime','状态 0 注销 1 正常',NULL,'true','true','text','true',NULL,14,NULL,NULL,NULL,'false',NULL,NULL,NULL,'false'),('dbce8b613ef448c2a9c34190b90c0163','00b29c6b35a44548928479d54d4190a4','EDIT_TIME','editTime','EDIT_TIME',NULL,'true','true','text','true',NULL,15,NULL,NULL,NULL,'false',NULL,NULL,NULL,'false'),('7bda0f5b37c14544b339362b3dcb364b','00b29c6b35a44548928479d54d4190a4','C_BY','cBy','C_BY',NULL,'true','true','text','true',NULL,16,NULL,NULL,NULL,'false',NULL,NULL,NULL,'false'),('089c406761c2493581f91bed3e583498','00b29c6b35a44548928479d54d4190a4','INC_ID','incId','自增ID，用于增加纳税人微机编码',NULL,'true','true','text','true',NULL,17,NULL,NULL,NULL,'false',NULL,NULL,NULL,'false'),('df239adfb3ed40f4a1b893b3223d75c4','01a303c2a9bc4db4977ca2bbf83770e4','ID','id','ID',NULL,'true','true','text','true',NULL,0,NULL,NULL,NULL,'false',NULL,NULL,NULL,'false'),('9f4b5df8cf8b496caef1bdd1f48f0c39','01a303c2a9bc4db4977ca2bbf83770e4','NSRWJBM','nsrwjbm','纳税人微机编码',NULL,'true','true','text','true',NULL,1,NULL,NULL,NULL,'false',NULL,NULL,NULL,'true'),('d571cae465ef4f948fd7b3eade8fe565','01a303c2a9bc4db4977ca2bbf83770e4','JQLX','jqlx','机器类型',NULL,'true','true','text','true',NULL,2,NULL,NULL,NULL,'false',NULL,NULL,NULL,'true'),('449ef50d7f0a4499a6c3251ca87c290e','01a303c2a9bc4db4977ca2bbf83770e4','PZBM','pzbm','票种编码',NULL,'true','true','text','true',NULL,3,NULL,NULL,NULL,'false',NULL,NULL,NULL,'true'),('88280eddfdc0409e9c9ddea3a2ecf2e9','01a303c2a9bc4db4977ca2bbf83770e4','JQBH','jqbh','机器编号',NULL,'true','true','text','true',NULL,4,NULL,NULL,NULL,'false',NULL,NULL,NULL,'true'),('0f9e382cde4e4407bdfceda2d0b85039','01a303c2a9bc4db4977ca2bbf83770e4','SKKH','skkh','税控卡号',NULL,'true','true','text','true',NULL,5,NULL,NULL,NULL,'false',NULL,NULL,NULL,'false'),('6d50ac507b2c49fdbcafd7d8e7e4cf9f','01a303c2a9bc4db4977ca2bbf83770e4','YHKH','yhkh','用户卡号',NULL,'true','true','text','true',NULL,6,NULL,NULL,NULL,'false',NULL,NULL,NULL,'false'),('cf870f578aae4485abb316a4bb4a3899','01a303c2a9bc4db4977ca2bbf83770e4','SKK_QYRQ','skkQyrq','税控卡启用日期',NULL,'true','true','text','true',NULL,7,NULL,NULL,NULL,'false',NULL,NULL,NULL,'false'),('43a4619c5bd24076ab89135a51b8840e','01a303c2a9bc4db4977ca2bbf83770e4','SKK_YXRQ','skkYxrq','税控卡有效日期',NULL,'true','true','text','true',NULL,8,NULL,NULL,NULL,'false',NULL,NULL,NULL,'false'),('d8f0f3d92657465c89384631b90caa5c','01a303c2a9bc4db4977ca2bbf83770e4','YHK_QYRQ','yhkQyrq','用户卡启用日期',NULL,'true','true','text','true',NULL,9,NULL,NULL,NULL,'false',NULL,NULL,NULL,'false'),('d4af6918960f4b2a86533ebcde72ee1e','01a303c2a9bc4db4977ca2bbf83770e4','YHK_YXRQ','yhkYxrq','用户卡有效日期',NULL,'true','true','text','true',NULL,10,NULL,NULL,NULL,'false',NULL,NULL,NULL,'false'),('934b7d0a00fa49d1bfeeb66d1a347391','01a303c2a9bc4db4977ca2bbf83770e4','SBFS','sbfs','申报方式',NULL,'true','true','text','true',NULL,11,NULL,NULL,NULL,'false',NULL,NULL,NULL,'false'),('ac6d54afaa694124a01950f711848fac','01a303c2a9bc4db4977ca2bbf83770e4','MXSBBZ','mxsbbz','明细申报标志',NULL,'true','true','text','true',NULL,12,NULL,NULL,NULL,'false',NULL,NULL,NULL,'false'),('1ce40b9d47584964b52fc150a38cc25d','01a303c2a9bc4db4977ca2bbf83770e4','KPJZRQ','kpjzrq','开票截止日期',NULL,'true','true','text','true',NULL,13,NULL,NULL,NULL,'false',NULL,NULL,NULL,'false'),('9c8be6ec7c35485ca1416c60f97facbf','01a303c2a9bc4db4977ca2bbf83770e4','DZKPXE','dzkpxe','单张开票限额',NULL,'true','true','text','true',NULL,14,NULL,NULL,NULL,'false',NULL,NULL,NULL,'false'),('0f98a160105f439f91af8cc3ded68c40','01a303c2a9bc4db4977ca2bbf83770e4','YLJKPXE','yljkpxe','月累计开票限额',NULL,'true','true','text','true',NULL,15,NULL,NULL,NULL,'false',NULL,NULL,NULL,'false'),('e08bcb95afb34d1dbb366bd6336f9f62','01a303c2a9bc4db4977ca2bbf83770e4','YLJTPXE','yljtpxe','月累计退票限额',NULL,'true','true','text','true',NULL,16,NULL,NULL,NULL,'false',NULL,NULL,NULL,'false'),('7468660e999541e2b1c5e9d2701630af','01a303c2a9bc4db4977ca2bbf83770e4','LXTS','lxts','离线开票天数',NULL,'true','true','text','true',NULL,17,NULL,NULL,NULL,'false',NULL,NULL,NULL,'false'),('df79d7a7c63e4525b112333baaddc8d4','01a303c2a9bc4db4977ca2bbf83770e4','LXZS','lxzs','离线开票张数',NULL,'true','true','text','true',NULL,18,NULL,NULL,NULL,'false',NULL,NULL,NULL,'false'),('b0f7779f26604bdb97f0b58c80ea287a','01a303c2a9bc4db4977ca2bbf83770e4','LXJE','lxje','离线开票金额',NULL,'true','true','text','true',NULL,19,NULL,NULL,NULL,'false',NULL,NULL,NULL,'false'),('845ac9322d6543fbb26f6937bf7902fe','01a303c2a9bc4db4977ca2bbf83770e4','STATUS','status','状态0 注销1 正常-已初始化2 未初始化',NULL,'true','true','text','true',NULL,20,NULL,NULL,NULL,'false',NULL,NULL,NULL,'false'),('3d0e63e7e06044d996e8b933d3f42ed8','01a303c2a9bc4db4977ca2bbf83770e4','CTIME','ctime','CTIME',NULL,'true','true','text','true',NULL,21,NULL,NULL,NULL,'false',NULL,NULL,NULL,'false'),('f9b7cfe1bc13404f8c3cb337081afec2','01a303c2a9bc4db4977ca2bbf83770e4','EDIT_TIME','editTime','EDIT_TIME',NULL,'true','true','text','true',NULL,22,NULL,NULL,NULL,'false',NULL,NULL,NULL,'false'),('fc5f2cb821b143b4b7955f49bf6e3305','01a303c2a9bc4db4977ca2bbf83770e4','C_BY','cBy','C_BY',NULL,'true','true','text','true',NULL,23,NULL,NULL,NULL,'false',NULL,NULL,NULL,'false'),('0fad699a8c9f44ed811f9c4b29bf82c9','01a303c2a9bc4db4977ca2bbf83770e4','LXKP_BZ','lxkpBz','是否支持离线开票 0，支持，1不支持',NULL,'true','true','text','true',NULL,24,NULL,NULL,NULL,'false',NULL,NULL,NULL,'false'),('e2dbce2c5f5042d8bf692d33639126a6','a7ddb49532814c2a88358d8bea363e6b','ID','id','ID',NULL,'true','true','text','true',NULL,0,NULL,NULL,NULL,'false',NULL,NULL,NULL,'false'),('725555bb0f6544c8821f11b60ef2ddba','a7ddb49532814c2a88358d8bea363e6b','NSRWJBM','nsrwjbm','微机编码',NULL,'true','true','text','true',NULL,1,NULL,NULL,NULL,'false',NULL,NULL,NULL,'true'),('c1bb51829eb148a5ab281a47c0f9a097','a7ddb49532814c2a88358d8bea363e6b','PZBM','pzbm','票种编码',NULL,'true','true','text','true',NULL,2,NULL,NULL,NULL,'false',NULL,NULL,NULL,'false'),('e64fb3535ade4100b292e0d20859a0e9','a7ddb49532814c2a88358d8bea363e6b','FPDM','fpdm','发票代码',NULL,'true','true','text','true',NULL,3,NULL,NULL,NULL,'false',NULL,NULL,NULL,'true'),('3ade9bbc88844ae29e72bb3dce8d4250','a7ddb49532814c2a88358d8bea363e6b','FPQSH','fpqsh','起始号',NULL,'true','true','text','true',NULL,4,NULL,NULL,NULL,'false',NULL,NULL,NULL,'true'),('614aed542df14e7ca30c4fc67a8bc0fc','a7ddb49532814c2a88358d8bea363e6b','FPJZH','fpjzh','截止号',NULL,'true','true','text','true',NULL,5,NULL,NULL,NULL,'false',NULL,NULL,NULL,'false'),('2ac428b644f54213b1185f332d88d2aa','a7ddb49532814c2a88358d8bea363e6b','MBFS','mbfs','MBFS',NULL,'true','true','text','true',NULL,6,NULL,NULL,NULL,'false',NULL,NULL,NULL,'false'),('f48144b12a814083a35c0594e74630d7','a7ddb49532814c2a88358d8bea363e6b','FS','fs','份数',NULL,'true','true','text','true',NULL,7,NULL,NULL,NULL,'false',NULL,NULL,NULL,'false'),('4b38d9fecde44bf0a665b4affda1d311','a7ddb49532814c2a88358d8bea363e6b','FPLGRQ','fplgrq','FPLGRQ',NULL,'false','false','text','true',NULL,8,NULL,NULL,NULL,'false',NULL,NULL,NULL,'false'),('da688b76ff1e40b6b0f50e3d996070b1','a7ddb49532814c2a88358d8bea363e6b','CTIME','ctime','CTIME',NULL,'false','false','text','true',NULL,9,NULL,NULL,NULL,'false',NULL,NULL,NULL,'false'),('8a896c08edfa49789d886d1b879af96d','a7ddb49532814c2a88358d8bea363e6b','C_BY','cBy','C_BY',NULL,'false','false','text','true',NULL,10,NULL,NULL,NULL,'false',NULL,NULL,NULL,'false'),('3bd9609ddb194c5dbebe9d5f3099357c','ce9aa24501cd4c978c58141c0bb82c2f','ID','id','ID',NULL,'true','true','text','true',NULL,0,NULL,NULL,NULL,'false',NULL,NULL,NULL,'false'),('981a12f5cd24471397d49fce1d6bb785','ce9aa24501cd4c978c58141c0bb82c2f','S1','s1','S1',NULL,'true','true','text','true',NULL,1,NULL,NULL,NULL,'false',NULL,NULL,NULL,'false'),('4c5beb722ed6443188934a1e49df776a','ce9aa24501cd4c978c58141c0bb82c2f','S2','s2','S2',NULL,'true','true','text','true',NULL,2,NULL,NULL,NULL,'false',NULL,NULL,NULL,'false'),('392041a3cd284d639018d80122024db2','ce9aa24501cd4c978c58141c0bb82c2f','S3','s3','S3',NULL,'true','true','text','true',NULL,3,NULL,NULL,NULL,'false',NULL,NULL,NULL,'false'),('83056b1e4eb7444e9b13d8355b4aba51','ce9aa24501cd4c978c58141c0bb82c2f','S4','s4','S4',NULL,'true','true','text','true',NULL,4,NULL,NULL,NULL,'false',NULL,NULL,NULL,'false'),('4198d381fde4452fb7eca6cdcc90caff','ce9aa24501cd4c978c58141c0bb82c2f','S5','s5','S5',NULL,'true','true','text','true',NULL,5,NULL,NULL,NULL,'false',NULL,NULL,NULL,'false'),('da9e0fe402d947e795ac323bdd6206b5','ce9aa24501cd4c978c58141c0bb82c2f','S6','s6','S6',NULL,'true','true','text','true',NULL,6,NULL,NULL,NULL,'false',NULL,NULL,NULL,'false'),('87c9c052ea9e410ea3cd64cc923c7931','ce9aa24501cd4c978c58141c0bb82c2f','S7','s7','S7',NULL,'true','true','text','true',NULL,7,NULL,NULL,NULL,'false',NULL,NULL,NULL,'false'),('90ca4ab52d3f495da6cefb9c22cf91fb','ce9aa24501cd4c978c58141c0bb82c2f','S8','s8','S8',NULL,'true','true','text','true',NULL,8,NULL,NULL,NULL,'false',NULL,NULL,NULL,'false'),('ddbf674a03b346e6ad7b747fa8c4e640','ce9aa24501cd4c978c58141c0bb82c2f','S9','s9','S9',NULL,'true','true','text','true',NULL,9,NULL,NULL,NULL,'false',NULL,NULL,NULL,'false'),('80b8e3cab05542cbaf7bfdcd55bd534d','ce9aa24501cd4c978c58141c0bb82c2f','S10','s10','S10',NULL,'true','true','text','true',NULL,10,NULL,NULL,NULL,'false',NULL,NULL,NULL,'false'),('d9f545f12d9041c8855e950140633fe3','ce9aa24501cd4c978c58141c0bb82c2f','S11','s11','S11',NULL,'true','true','text','true',NULL,11,NULL,NULL,NULL,'false',NULL,NULL,NULL,'false'),('0e5cb233d16e40458d582a8dbbf2d548','ce9aa24501cd4c978c58141c0bb82c2f','S12','s12','S12',NULL,'true','true','text','true',NULL,12,NULL,NULL,NULL,'false',NULL,NULL,NULL,'false'),('f3446ba4f4a641b39f4e1eb4e5f16367','ce9aa24501cd4c978c58141c0bb82c2f','S13','s13','S13',NULL,'true','true','text','true',NULL,13,NULL,NULL,NULL,'false',NULL,NULL,NULL,'false'),('5836e5267aa348528412e45c5bc316c6','ce9aa24501cd4c978c58141c0bb82c2f','S14','s14','S14',NULL,'true','true','text','true',NULL,14,NULL,NULL,NULL,'false',NULL,NULL,NULL,'false'),('feb50a6f337a4563ab3a8821bfaa492c','ce9aa24501cd4c978c58141c0bb82c2f','S15','s15','S15',NULL,'true','true','text','true',NULL,15,NULL,NULL,NULL,'false',NULL,NULL,NULL,'false'),('dbdd1d4d118349ad843ef90656c8ddc5','ce9aa24501cd4c978c58141c0bb82c2f','C1','c1','C1',NULL,'true','true','text','true',NULL,16,NULL,NULL,NULL,'false',NULL,NULL,NULL,'false'),('422d7b06f48b42d48fb6a06cd1a3d1dd','ce9aa24501cd4c978c58141c0bb82c2f','C2','c2','C2',NULL,'true','true','text','true',NULL,17,NULL,NULL,NULL,'false',NULL,NULL,NULL,'false'),('a3b259a0397d4885a55c097e7c06bb64','ce9aa24501cd4c978c58141c0bb82c2f','C3','c3','C3',NULL,'true','true','text','true',NULL,18,NULL,NULL,NULL,'false',NULL,NULL,NULL,'false'),('ac2fea935ee64d8dbee0a55585eeb474','ce9aa24501cd4c978c58141c0bb82c2f','C4','c4','C4',NULL,'true','true','text','true',NULL,19,NULL,NULL,NULL,'false',NULL,NULL,NULL,'false'),('0d7366053c04429985d40e68cf3cf42e','ce9aa24501cd4c978c58141c0bb82c2f','C5','c5','C5',NULL,'true','true','text','true',NULL,20,NULL,NULL,NULL,'false',NULL,NULL,NULL,'false'),('6acc4f7db31348678d1893f4c5b81db2','ce9aa24501cd4c978c58141c0bb82c2f','I1','i1','I1',NULL,'true','true','text','true',NULL,21,NULL,NULL,NULL,'false',NULL,NULL,NULL,'false'),('5658a6aa04894befae984e834584dd08','ce9aa24501cd4c978c58141c0bb82c2f','I2','i2','I2',NULL,'true','true','text','true',NULL,22,NULL,NULL,NULL,'false',NULL,NULL,NULL,'false'),('ee4c4c66d3d94decb9b050b0ea0480eb','ce9aa24501cd4c978c58141c0bb82c2f','I3','i3','I3',NULL,'true','true','text','true',NULL,23,NULL,NULL,NULL,'false',NULL,NULL,NULL,'false'),('0e995a183902477788c685852b4a64a4','ce9aa24501cd4c978c58141c0bb82c2f','I4','i4','I4',NULL,'true','true','text','true',NULL,24,NULL,NULL,NULL,'false',NULL,NULL,NULL,'false'),('f79031f5f63149a19ed757e708035501','ce9aa24501cd4c978c58141c0bb82c2f','I5','i5','I5',NULL,'true','true','text','true',NULL,25,NULL,NULL,NULL,'false',NULL,NULL,NULL,'false'),('e2b41e3321d242b8804de4a99f9b9df2','ce9aa24501cd4c978c58141c0bb82c2f','F1','f1','F1',NULL,'true','true','text','true',NULL,26,NULL,NULL,NULL,'false',NULL,NULL,NULL,'false'),('74d5693b1ace4ae8a8865da581b1363e','ce9aa24501cd4c978c58141c0bb82c2f','F2','f2','F2',NULL,'true','true','text','true',NULL,27,NULL,NULL,NULL,'false',NULL,NULL,NULL,'false'),('6525ec8ec1a94973a7465f6e620b2836','ce9aa24501cd4c978c58141c0bb82c2f','F3','f3','F3',NULL,'true','true','text','true',NULL,28,NULL,NULL,NULL,'false',NULL,NULL,NULL,'false'),('518ea1bba0f64fbab8c63b9203d7c067','ce9aa24501cd4c978c58141c0bb82c2f','F4','f4','F4',NULL,'true','true','text','true',NULL,29,NULL,NULL,NULL,'false',NULL,NULL,NULL,'false'),('5e8fb1e423444fd19953fe3257394a0e','ce9aa24501cd4c978c58141c0bb82c2f','F5','f5','F5',NULL,'true','true','text','true',NULL,30,NULL,NULL,NULL,'false',NULL,NULL,NULL,'false'),('a36d680d2bcc4e559c45c45feb5416f7','6682bac36ea74b69ac95342bb28af931','ID','id','ID',NULL,'true','true','text','true',NULL,0,NULL,NULL,NULL,'false',NULL,NULL,NULL,'false'),('3f8874bead404f6588b251a48454ef61','6682bac36ea74b69ac95342bb28af931','PRODUCT_ID','productId','PRODUCT_ID',NULL,'true','true','text','true',NULL,1,NULL,NULL,NULL,'false',NULL,NULL,NULL,'false'),('7f00a1064b9c44448d1e693d9fdd62c7','6682bac36ea74b69ac95342bb28af931','RELATION_ID','relationId','RELATION_ID',NULL,'true','true','text','true',NULL,2,NULL,NULL,NULL,'false',NULL,NULL,NULL,'false'),('340cd05f7e4f4220acdaac2059556576','6682bac36ea74b69ac95342bb28af931','RELATION_TYPE','relationType','A：商品单项，B：商品双向，C：配件',NULL,'true','true','text','true',NULL,3,NULL,NULL,NULL,'false',NULL,NULL,NULL,'false'),('10af446756444367b41eb934f3dbb895','6682bac36ea74b69ac95342bb28af931','CREATE_USER_ID','createUserId','CREATE_USER_ID',NULL,'true','true','text','true',NULL,4,NULL,NULL,NULL,'false',NULL,NULL,NULL,'false'),('7788769175394694ab0de9c3770bd2ab','6682bac36ea74b69ac95342bb28af931','CREATE_DATE','createDate','CREATE_DATE',NULL,'true','true','text','true',NULL,5,NULL,NULL,NULL,'false',NULL,NULL,NULL,'false'),('9edd50bc4a60417a9ea0bc709d0bfe6f','6682bac36ea74b69ac95342bb28af931','UPDATE_USER_ID','updateUserId','UPDATE_USER_ID',NULL,'true','true','text','true',NULL,6,NULL,NULL,NULL,'false',NULL,NULL,NULL,'false'),('d1bb9bdd817f4084b031fc598c426d4a','6682bac36ea74b69ac95342bb28af931','UPDATE_DATE','updateDate','UPDATE_DATE',NULL,'true','true','text','true',NULL,7,NULL,NULL,NULL,'false',NULL,NULL,NULL,'false'),('e026c9eef1124b5ea4f8722bce27af33','6682bac36ea74b69ac95342bb28af931','ORDER_NO','orderNo','ORDER_NO',NULL,'true','true','text','true',NULL,8,NULL,NULL,NULL,'false',NULL,NULL,NULL,'false'),('87b91289e1044c048457d802e8e97ab1','1bd34d51b68a4f069c93b83588dc0f52','ID','id','ID',NULL,'true','true','text','true',NULL,0,NULL,NULL,NULL,'false',NULL,NULL,NULL,'false'),('8dc544ec3822458388c6228e474735b2','1bd34d51b68a4f069c93b83588dc0f52','SEO_PAGE_TITLE','seoPageTitle','SEO_PAGE_TITLE',NULL,'true','true','text','true',NULL,1,NULL,NULL,NULL,'false',NULL,NULL,NULL,'false'),('0c59ef5bdf534bea989f90b5d4d924ec','1bd34d51b68a4f069c93b83588dc0f52','SEO_KEYWORDS','seoKeywords','SEO_KEYWORDS',NULL,'true','true','text','true',NULL,2,NULL,NULL,NULL,'false',NULL,NULL,NULL,'false'),('181427175de74ac7a94882ca1bf2612e','1bd34d51b68a4f069c93b83588dc0f52','SEO_DESCRIPTION','seoDescription','SEO_DESCRIPTION',NULL,'true','true','text','true',NULL,3,NULL,NULL,NULL,'false',NULL,NULL,NULL,'false'),('1081f2c055924bdcb702b2c65634376a','1bd34d51b68a4f069c93b83588dc0f52','CREATE_USER_ID','createUserId','CREATE_USER_ID',NULL,'true','true','text','true',NULL,4,NULL,NULL,NULL,'false',NULL,NULL,NULL,'false'),('0abaf7b806104ae9a174ee2727f563af','1bd34d51b68a4f069c93b83588dc0f52','CREATE_DATE','createDate','CREATE_DATE',NULL,'true','true','text','true',NULL,5,NULL,NULL,NULL,'false',NULL,NULL,NULL,'false'),('c2137647d5e64483969735a9c1bc5ef3','1bd34d51b68a4f069c93b83588dc0f52','UPDATE_USER_ID','updateUserId','UPDATE_USER_ID',NULL,'true','true','text','true',NULL,6,NULL,NULL,NULL,'false',NULL,NULL,NULL,'false'),('57d9b79ab36d45cda03ce59157af0946','1bd34d51b68a4f069c93b83588dc0f52','UPDATE_DATE','updateDate','UPDATE_DATE',NULL,'true','true','text','true',NULL,7,NULL,NULL,NULL,'false',NULL,NULL,NULL,'false'),('508e3639829b491d819a505cd79e8280','de10fb3233004c0ca4f3580340913707','ID','id','ID',NULL,'true','true','text','true',NULL,0,NULL,NULL,NULL,'false',NULL,NULL,NULL,'false'),('1a237c9477334aae88497abc27888209','de10fb3233004c0ca4f3580340913707','COMBINATION_ID','combinationId','COMBINATION_ID',NULL,'true','true','text','true',NULL,1,NULL,NULL,NULL,'false',NULL,NULL,NULL,'false'),('25b5320286704c48a38f3336f2ab218b','de10fb3233004c0ca4f3580340913707','PRODUCT_ID','productId','PRODUCT_ID',NULL,'true','true','text','true',NULL,2,NULL,NULL,NULL,'false',NULL,NULL,NULL,'false'),('d4e020b3a1144b77aa4a3e075deb9ba4','de10fb3233004c0ca4f3580340913707','PRODUCT_NAME','productName','PRODUCT_NAME',NULL,'true','true','text','true',NULL,3,NULL,NULL,NULL,'false',NULL,NULL,NULL,'false'),('64b4900b538c4be8ac78e428c6bd3dfa','de10fb3233004c0ca4f3580340913707','AMOUNT','amount','AMOUNT',NULL,'true','true','text','true',NULL,4,NULL,NULL,NULL,'false',NULL,NULL,NULL,'false'),('27ac93d791624634acae600cb6ced536','de10fb3233004c0ca4f3580340913707','SALE_PRICE','salePrice','SALE_PRICE',NULL,'true','true','text','true',NULL,5,NULL,NULL,NULL,'false',NULL,NULL,NULL,'false'),('15edb00ad2ac46f5934614c82db054d1','de10fb3233004c0ca4f3580340913707','LARGESS_FLAG','largessFlag','1：赠品,0：非赠品',NULL,'true','true','text','true',NULL,6,NULL,NULL,NULL,'false',NULL,NULL,NULL,'false'),('3a90977f7902438b9f2a81c5d7da88b1','de10fb3233004c0ca4f3580340913707','ORDER_NO','orderNo','ORDER_NO',NULL,'true','true','text','true',NULL,7,NULL,NULL,NULL,'false',NULL,NULL,NULL,'false'),('5951662a12674c36b24ac3d168109446','de10fb3233004c0ca4f3580340913707','CREATE_USER_ID','createUserId','CREATE_USER_ID',NULL,'true','true','text','true',NULL,8,NULL,NULL,NULL,'false',NULL,NULL,NULL,'false'),('4c6ddbb0827741d7a9dfd30a4a60813d','de10fb3233004c0ca4f3580340913707','CREATE_DATE','createDate','CREATE_DATE',NULL,'true','true','text','true',NULL,9,NULL,NULL,NULL,'false',NULL,NULL,NULL,'false'),('a94a2d2980624d29bafc5009919a7c32','de10fb3233004c0ca4f3580340913707','UPDATE_USER_ID','updateUserId','UPDATE_USER_ID',NULL,'true','true','text','true',NULL,10,NULL,NULL,NULL,'false',NULL,NULL,NULL,'false'),('dcb6c375460f4263886d96f24e01e05c','de10fb3233004c0ca4f3580340913707','UPDATE_DATE','updateDate','UPDATE_DATE',NULL,'true','true','text','true',NULL,11,NULL,NULL,NULL,'false',NULL,NULL,NULL,'false'),('595e6995908e4b6fb684c58795959d63','a32090fd9835408baa0bcd3c09b501f7','ID','id','ID',NULL,'true','true','text','true',NULL,0,NULL,NULL,NULL,'false',NULL,NULL,NULL,'false'),('9c4574b6c93d41cabbf8d4c13bfd1f8d','a32090fd9835408baa0bcd3c09b501f7','BACKGROUND_IMAGE','backgroundImage','背景图片',NULL,'true','true','text','true',NULL,1,NULL,NULL,NULL,'false',NULL,NULL,NULL,'false'),('3e51ca92266e44768c7730d712a26467','a32090fd9835408baa0bcd3c09b501f7','WIDTH','width','宽度',NULL,'true','true','text','true',NULL,2,NULL,NULL,NULL,'false',NULL,NULL,NULL,'false'),('f9ec21ff372e42c3b25a3146c4a240b1','a32090fd9835408baa0bcd3c09b501f7','HEIGHT','height','高度',NULL,'true','true','text','true',NULL,3,NULL,NULL,NULL,'false',NULL,NULL,NULL,'false'),('3d61d534a88849dab7bdfbf2a8f1694f','a32090fd9835408baa0bcd3c09b501f7','POINTX','pointx','偏移量X',NULL,'true','true','text','true',NULL,4,NULL,NULL,NULL,'false',NULL,NULL,NULL,'false'),('424c3d6249b3437788305c224dafa18a','a32090fd9835408baa0bcd3c09b501f7','POINTY','pointy','偏移量Y',NULL,'true','true','text','true',NULL,5,NULL,NULL,NULL,'false',NULL,NULL,NULL,'false'),('0a43ac7ea2fc43f0959bf551c55b4f79','a32090fd9835408baa0bcd3c09b501f7','IS_DEFAULT','isDefault','是否默认',NULL,'true','true','text','true',NULL,6,NULL,NULL,NULL,'false',NULL,NULL,NULL,'false'),('4e5bc583121e4ee3ae26df7ad72c277b','a32090fd9835408baa0bcd3c09b501f7','REMARK','remark','备注',NULL,'true','true','text','true',NULL,7,NULL,NULL,NULL,'false',NULL,NULL,NULL,'false'),('4099d3ecf7bb4ae6a2f4f2b840993188','a32090fd9835408baa0bcd3c09b501f7','COMPANY_ID','companyId','物流公司ID',NULL,'true','true','text','true',NULL,8,NULL,NULL,NULL,'false',NULL,NULL,NULL,'false'),('a75af678d8914b72a7e18d23c5a462de','a32090fd9835408baa0bcd3c09b501f7','TEMPLATE_NAME','templateName','模版名称',NULL,'true','true','text','true',NULL,9,NULL,NULL,NULL,'false',NULL,NULL,NULL,'false'),('d8f421212b1e4e0d933c7d71b934dadf','a32090fd9835408baa0bcd3c09b501f7','TEMPLATE_CONTENT','templateContent','模版内容',NULL,'true','true','text','true',NULL,10,NULL,NULL,NULL,'false',NULL,NULL,NULL,'false'),('622f6b54dd3e405395eb525bdae8d985','a32090fd9835408baa0bcd3c09b501f7','STATUS','status','启用标志',NULL,'true','true','text','true',NULL,11,NULL,NULL,NULL,'false',NULL,NULL,NULL,'false'),('d20998c4e151470794505fa96273f44c','34ad1c13d0cd4ca1945a3fc47cc560bc','ID','id','ID',NULL,'true','true','text','true',NULL,0,NULL,NULL,NULL,'false',NULL,NULL,NULL,'false'),('4d85c894045247749f7712e2e8182a9a','34ad1c13d0cd4ca1945a3fc47cc560bc','CONTENT','content','内容',NULL,'true','true','text','true',NULL,1,NULL,NULL,NULL,'false',NULL,NULL,NULL,'false'),('c89a7df10ae345d8b7d0f90053443a97','34ad1c13d0cd4ca1945a3fc47cc560bc','CTIME','ctime','创建时间',NULL,'true','true','text','true',NULL,2,NULL,NULL,NULL,'false',NULL,NULL,NULL,'false'),('f14a18c4c5b74560959162f27cc63a14','34ad1c13d0cd4ca1945a3fc47cc560bc','AUTHOR','author','作者',NULL,'true','true','text','true',NULL,3,NULL,NULL,NULL,'false',NULL,NULL,NULL,'false'),('370b95e8649b4f49bccaa2ffa3fc7ed7','34ad1c13d0cd4ca1945a3fc47cc560bc','TITLE','title','页面标题',NULL,'true','true','text','true',NULL,4,NULL,NULL,NULL,'false',NULL,NULL,NULL,'false'),('f108bacef17a4b29adad64bc143a7779','34ad1c13d0cd4ca1945a3fc47cc560bc','META_KEY_WORD','metaKeyWord','页面关键字',NULL,'true','true','text','true',NULL,5,NULL,NULL,NULL,'false',NULL,NULL,NULL,'false'),('d3c701a51ab94c1cb5d6294228a7729f','34ad1c13d0cd4ca1945a3fc47cc560bc','META_DESCRIPTION','metaDescription','页面描述',NULL,'true','true','text','true',NULL,6,NULL,NULL,NULL,'false',NULL,NULL,NULL,'false'),('458c9bbc883948be990d555d017c3a64','34ad1c13d0cd4ca1945a3fc47cc560bc','IS_PUBLISH','isPublish','是否发布',NULL,'true','true','text','true',NULL,7,NULL,NULL,NULL,'false',NULL,NULL,NULL,'false'),('b1a01294e088496fbd196b78740bf879','34ad1c13d0cd4ca1945a3fc47cc560bc','IS_TOP','isTop','是否置顶',NULL,'true','true','text','true',NULL,8,NULL,NULL,NULL,'false',NULL,NULL,NULL,'false'),('3fad67575b35449ea3b4050a082ce32c','34ad1c13d0cd4ca1945a3fc47cc560bc','CATEGORY_ID','categoryId','分类ID',NULL,'true','true','text','true',NULL,9,NULL,NULL,NULL,'false',NULL,NULL,NULL,'false'),('bdd8f4ae095d4fba8fa2b620eab5685d','7644618589b041559b3bfe4777e6b452','ID','id','ID',NULL,'true','true','text','true',NULL,0,NULL,NULL,NULL,'false',NULL,NULL,NULL,'false'),('036b29fe0ca640da8c2ffbcaf5963e14','7644618589b041559b3bfe4777e6b452','TITLE','title','页面标题',NULL,'true','true','text','true',NULL,1,NULL,NULL,NULL,'false',NULL,NULL,NULL,'false'),('f0f3fd5e4fbc463bb19efdf127ecc222','7644618589b041559b3bfe4777e6b452','META_KEY_WORDS','metaKeyWords','页面关键词',NULL,'true','true','text','true',NULL,2,NULL,NULL,NULL,'false',NULL,NULL,NULL,'false'),('4a83a22c9db447c08fb96f604d820835','7644618589b041559b3bfe4777e6b452','ORDERLIST','orderlist','排序号',NULL,'true','true','text','true',NULL,3,NULL,NULL,NULL,'false',NULL,NULL,NULL,'false'),('e965c9655afc4be2be9138ab5f90fa5f','7644618589b041559b3bfe4777e6b452','PARENTID','parentid','上级菜单',NULL,'true','true','text','true',NULL,4,NULL,NULL,NULL,'false',NULL,NULL,NULL,'false'),('e7d5852a7e164e7b9cadc035a1a66723','7644618589b041559b3bfe4777e6b452','CTIME','ctime','创建时间',NULL,'true','true','text','true',NULL,5,NULL,NULL,NULL,'false',NULL,NULL,NULL,'false'),('7b3ef43cc1274883a168640daac4dab4','7644618589b041559b3bfe4777e6b452','META_DESCRIPTION','metaDescription','页面描述',NULL,'true','true','text','true',NULL,6,NULL,NULL,NULL,'false',NULL,NULL,NULL,'false'),('e902d267bf8647b4a7b3c70b08aa6631','43933c767d5a44a9a0e41c512684859f','ID','id','ID',NULL,'true','true','text','true',NULL,0,NULL,NULL,NULL,'false',NULL,NULL,NULL,'false'),('a4d4a41c9c804da29ec710b398b2e1e5','43933c767d5a44a9a0e41c512684859f','COMBINATION_ID','combinationId','COMBINATION_ID',NULL,'true','true','text','true',NULL,1,NULL,NULL,NULL,'false',NULL,NULL,NULL,'false'),('06aaae7521d24ec5a18d3642eb571260','43933c767d5a44a9a0e41c512684859f','PRODUCT_ID','productId','PRODUCT_ID',NULL,'true','true','text','true',NULL,2,NULL,NULL,NULL,'false',NULL,NULL,NULL,'false'),('38492795e95b41aeaff6e4e47241e98a','43933c767d5a44a9a0e41c512684859f','PRODUCT_NAME','productName','PRODUCT_NAME',NULL,'true','true','text','true',NULL,3,NULL,NULL,NULL,'false',NULL,NULL,NULL,'false'),('a4d91611483f4b6abaec356ba239198e','43933c767d5a44a9a0e41c512684859f','AMOUNT','amount','AMOUNT',NULL,'true','true','text','true',NULL,4,NULL,NULL,NULL,'false',NULL,NULL,NULL,'false'),('880882387b5942039abaf2913ea850f1','43933c767d5a44a9a0e41c512684859f','SALE_PRICE','salePrice','SALE_PRICE',NULL,'true','true','text','true',NULL,5,NULL,NULL,NULL,'false',NULL,NULL,NULL,'false'),('e2fadd8f9a714f8cb512fb41be0477a1','43933c767d5a44a9a0e41c512684859f','LARGESS_FLAG','largessFlag','1：赠品,0：非赠品',NULL,'true','true','text','true',NULL,6,NULL,NULL,NULL,'false',NULL,NULL,NULL,'false'),('8de7fe5bf5a84befb9823016db04a3dc','43933c767d5a44a9a0e41c512684859f','ORDER_NO','orderNo','ORDER_NO',NULL,'true','true','text','true',NULL,7,NULL,NULL,NULL,'false',NULL,NULL,NULL,'false'),('ec4db300d709436d8e756c45534d59be','43933c767d5a44a9a0e41c512684859f','CREATE_USER_ID','createUserId','CREATE_USER_ID',NULL,'true','true','text','true',NULL,8,NULL,NULL,NULL,'false',NULL,NULL,NULL,'false'),('ff7435f38db94cd2baf41321e68b6360','43933c767d5a44a9a0e41c512684859f','CREATE_DATE','createDate','CREATE_DATE',NULL,'true','true','text','true',NULL,9,NULL,NULL,NULL,'false',NULL,NULL,NULL,'false'),('fb8d26605211464da0c809a411eb4d41','43933c767d5a44a9a0e41c512684859f','UPDATE_USER_ID','updateUserId','UPDATE_USER_ID',NULL,'true','true','text','true',NULL,10,NULL,NULL,NULL,'false',NULL,NULL,NULL,'false'),('8bcdf4631ed243c0a89e18b00512b41a','43933c767d5a44a9a0e41c512684859f','UPDATE_DATE','updateDate','UPDATE_DATE',NULL,'true','true','text','true',NULL,11,NULL,NULL,NULL,'false',NULL,NULL,NULL,'false'),('0f3a25c0a70a408da6a5d32129bef1a1','2fd0414e0dbc41229a8b5b3e72923754','id','id','id',NULL,'true','true','text','true',NULL,0,NULL,NULL,NULL,'false',NULL,NULL,NULL,'false'),('0f540f0534c14c078e9a71fd792cec2f','2fd0414e0dbc41229a8b5b3e72923754','menu_name','menuName','menu_name',NULL,'true','true','text','true',NULL,1,NULL,NULL,NULL,'false',NULL,NULL,NULL,'false'),('9270f73532ff40e48190bebb3d031b28','2fd0414e0dbc41229a8b5b3e72923754','menu_url','menuUrl','menu_url',NULL,'true','true','text','true',NULL,2,NULL,NULL,NULL,'false',NULL,NULL,NULL,'false'),('fb146d8580f44328926eda61929edad2','2fd0414e0dbc41229a8b5b3e72923754','user_id','userId','user_id',NULL,'true','true','text','true',NULL,3,NULL,NULL,NULL,'false',NULL,NULL,NULL,'false'),('5e4f80e7fb9845ad98bb32bd1ebf7801','2fd0414e0dbc41229a8b5b3e72923754','create_date','createDate','create_date',NULL,'true','true','text','true',NULL,4,NULL,NULL,NULL,'false',NULL,NULL,NULL,'false'),('499c9a538d124ea5827c4a52c9344bdf','962c1035561a41cb925eeb7e987b3ac9','ID','id','ID',NULL,'true','true','text','true',NULL,0,NULL,NULL,NULL,'false',NULL,NULL,NULL,'false'),('0f307ef072064972a6d9949d2b5842e4','962c1035561a41cb925eeb7e987b3ac9','NAME','name','名称',NULL,'true','true','text','true',NULL,1,NULL,NULL,NULL,'false',NULL,NULL,NULL,'false'),('e7c727125f62431ab499bbab2ed39227','962c1035561a41cb925eeb7e987b3ac9','POSITION','position','位置',NULL,'true','true','text','true',NULL,2,NULL,NULL,NULL,'false',NULL,NULL,NULL,'false'),('de0687d407be457da4b4c7fc33ecae57','962c1035561a41cb925eeb7e987b3ac9','BLANK_TARGET_STATUS','blankTargetStatus','是否新窗口打开',NULL,'true','true','text','true',NULL,3,NULL,NULL,NULL,'false',NULL,NULL,NULL,'false'),('b6a42d7c0eb648068afb2230444ff458','962c1035561a41cb925eeb7e987b3ac9','orderlist','orderlist','排序',NULL,'true','true','text','true',NULL,4,NULL,NULL,NULL,'false',NULL,NULL,NULL,'false'),('ae39f63a90504186b1f303304d6ceb1f','962c1035561a41cb925eeb7e987b3ac9','URL','url','链接地址',NULL,'true','true','text','true',NULL,5,NULL,NULL,NULL,'false',NULL,NULL,NULL,'false'),('cf2081f551b34367a844275b2dbb3d2d','962c1035561a41cb925eeb7e987b3ac9','CTIME','ctime','创建时间',NULL,'true','true','text','true',NULL,6,NULL,NULL,NULL,'false',NULL,NULL,NULL,'false'),('cd6f941d00634d21a53a653924204f0f','69b525f353704a5a9df8997c95a6d608','ID','id','ID',NULL,'true','true','text','true',NULL,0,NULL,NULL,NULL,'false',NULL,NULL,NULL,'false'),('368bd41ba0804f518b6b31b6ad931186','69b525f353704a5a9df8997c95a6d608','PROMOTION_NO','promotionNo','PROMOTION_NO',NULL,'true','true','text','true',NULL,1,NULL,NULL,NULL,'false',NULL,NULL,NULL,'false'),('3ac9152c4ea445fdac651dab14b690ce','69b525f353704a5a9df8997c95a6d608','PROMOTION_NAME','promotionName','PROMOTION_NAME',NULL,'true','true','text','true',NULL,2,NULL,NULL,NULL,'false',NULL,NULL,NULL,'false'),('8eaeb7593f0346858bfae1547fad84bb','69b525f353704a5a9df8997c95a6d608','SHORT_NAME','shortName','SHORT_NAME',NULL,'true','true','text','true',NULL,3,NULL,NULL,NULL,'false',NULL,NULL,NULL,'false'),('afe8729db39b4c26af566314c0909baf','69b525f353704a5a9df8997c95a6d608','FULL_FLAG','fullFlag','“0”：非全场，“1”：全场',NULL,'true','true','text','true',NULL,4,NULL,NULL,NULL,'false',NULL,NULL,NULL,'false'),('772eeba6531f47b69fea34ab2998ffc3','69b525f353704a5a9df8997c95a6d608','COLUMN_ID','columnId','COLUMN_ID',NULL,'true','true','text','true',NULL,5,NULL,NULL,NULL,'false',NULL,NULL,NULL,'false'),('e20acafc491b4c188d012b2c31838bea','3082ae6cfb554f6b9ec0355a4b65024d','ID','id','ID',NULL,'true','true','text','true',NULL,0,NULL,NULL,NULL,'false',NULL,NULL,NULL,'false'),('d877f7ccad0349b4b7bf5f3422984032','3082ae6cfb554f6b9ec0355a4b65024d','PROMOTION_NO','promotionNo','PROMOTION_NO',NULL,'true','true','text','true',NULL,1,NULL,NULL,NULL,'false',NULL,NULL,NULL,'false'),('6ec2b58d04554dd6bab79044fe29789a','3082ae6cfb554f6b9ec0355a4b65024d','PROMOTION_NAME','promotionName','PROMOTION_NAME',NULL,'true','true','text','true',NULL,2,NULL,NULL,NULL,'false',NULL,NULL,NULL,'false'),('7e32abfaaab243bfaeeaf35a03e6f0e1','3082ae6cfb554f6b9ec0355a4b65024d','SHORT_NAME','shortName','SHORT_NAME',NULL,'true','true','text','true',NULL,3,NULL,NULL,NULL,'false',NULL,NULL,NULL,'false'),('8cba4f426d2e441cb478a284404f8f1e','3082ae6cfb554f6b9ec0355a4b65024d','FULL_FLAG','fullFlag','FULL_FLAG',NULL,'true','true','text','true',NULL,4,NULL,NULL,NULL,'false',NULL,NULL,NULL,'false'),('a2e88455f1dc42f59b78e714072752f2','3082ae6cfb554f6b9ec0355a4b65024d','COLUMN_ID','columnId','COLUMN_ID',NULL,'true','true','text','true',NULL,5,NULL,NULL,NULL,'false',NULL,NULL,NULL,'false'),('63f0a947e57a4813af14ff60283fd3f2','3082ae6cfb554f6b9ec0355a4b65024d','TYPE','type','TYPE',NULL,'true','true','text','true',NULL,6,NULL,NULL,NULL,'false',NULL,NULL,NULL,'false'),('3285ee0c763a47b6b480a664982e8aa3','3082ae6cfb554f6b9ec0355a4b65024d','DATE_BEGIN','dateBegin','DATE_BEGIN',NULL,'true','true','text','true',NULL,7,NULL,NULL,NULL,'false',NULL,NULL,NULL,'false'),('5e874f58bb5c40b7a51bb8ea10119f82','3082ae6cfb554f6b9ec0355a4b65024d','DATE_END','dateEnd','DATE_END',NULL,'true','true','text','true',NULL,8,NULL,NULL,NULL,'false',NULL,NULL,NULL,'false'),('12d1936384574c69b22377633e271839','3082ae6cfb554f6b9ec0355a4b65024d','USER_LEVEL','userLevel','USER_LEVEL',NULL,'true','true','text','true',NULL,9,NULL,NULL,NULL,'false',NULL,NULL,NULL,'false'),('1000de5a3b534a359983743d33f1ed9b','3082ae6cfb554f6b9ec0355a4b65024d','USER_TYPE','userType','USER_TYPE',NULL,'true','true','text','true',NULL,10,NULL,NULL,NULL,'false',NULL,NULL,NULL,'false'),('7255b52b3a2646f3822e7f3eb6521789','3082ae6cfb554f6b9ec0355a4b65024d','STATUS','status','STATUS',NULL,'true','true','text','true',NULL,11,NULL,NULL,NULL,'false',NULL,NULL,NULL,'false'),('ea50aacf2f5a440681ed1a7b492f7f3d','3082ae6cfb554f6b9ec0355a4b65024d','DISPLAY_FLAG','displayFlag','DISPLAY_FLAG',NULL,'true','true','text','true',NULL,12,NULL,NULL,NULL,'false',NULL,NULL,NULL,'false'),('fa61364e9cc040a5bb64598fb0c8c910','3082ae6cfb554f6b9ec0355a4b65024d','PARAM_1','param1','PARAM_1',NULL,'true','true','text','true',NULL,13,NULL,NULL,NULL,'false',NULL,NULL,NULL,'false'),('44efe304402b4a5abd278d20497911bf','3082ae6cfb554f6b9ec0355a4b65024d','PARAM_2','param2','PARAM_2',NULL,'true','true','text','true',NULL,14,NULL,NULL,NULL,'false',NULL,NULL,NULL,'false'),('1b7efa3362ea4463a727333c68c8a198','3082ae6cfb554f6b9ec0355a4b65024d','PARAM_3','param3','PARAM_3',NULL,'true','true','text','true',NULL,15,NULL,NULL,NULL,'false',NULL,NULL,NULL,'false'),('de8177e5131d4b7c883a9fb77473ced4','3082ae6cfb554f6b9ec0355a4b65024d','PARAM_4','param4','PARAM_4',NULL,'true','true','text','true',NULL,16,NULL,NULL,NULL,'false',NULL,NULL,NULL,'false'),('b56568a11ae3447ca5e101e014fab5b4','3082ae6cfb554f6b9ec0355a4b65024d','PARAM_5','param5','PARAM_5',NULL,'true','true','text','true',NULL,17,NULL,NULL,NULL,'false',NULL,NULL,NULL,'false'),('9ec985e96834462187a9233aa6dc13e6','3082ae6cfb554f6b9ec0355a4b65024d','AMOUNT_FLAG','amountFlag','AMOUNT_FLAG',NULL,'true','true','text','true',NULL,18,NULL,NULL,NULL,'false',NULL,NULL,NULL,'false'),('42545fed4aea4254af3b3668fed94d3b','3082ae6cfb554f6b9ec0355a4b65024d','COUNT_FLAG','countFlag','COUNT_FLAG',NULL,'true','true','text','true',NULL,19,NULL,NULL,NULL,'false',NULL,NULL,NULL,'false'),('5c482baadb354928adbbbafdd0110d84','3082ae6cfb554f6b9ec0355a4b65024d','USE_RANGE','useRange','USE_RANGE',NULL,'true','true','text','true',NULL,20,NULL,NULL,NULL,'false',NULL,NULL,NULL,'false'),('fbe40325b65943e9a95eefe803285029','3082ae6cfb554f6b9ec0355a4b65024d','ORDER_NO','orderNo','ORDER_NO',NULL,'true','true','text','true',NULL,21,NULL,NULL,NULL,'false',NULL,NULL,NULL,'false'),('99a6480c6bf84f76a2ef62a0cb1a48d1','3082ae6cfb554f6b9ec0355a4b65024d','HOT_LEVEL','hotLevel','HOT_LEVEL',NULL,'true','true','text','true',NULL,22,NULL,NULL,NULL,'false',NULL,NULL,NULL,'false'),('e2d763400f51414cb9c9c252356232f8','3082ae6cfb554f6b9ec0355a4b65024d','PROMOTION_IMAGE','promotionImage','PROMOTION_IMAGE',NULL,'true','true','text','true',NULL,23,NULL,NULL,NULL,'false',NULL,NULL,NULL,'false'),('ae3953acd37f46dcaccc41b89e2d8236','3082ae6cfb554f6b9ec0355a4b65024d','REMARK','remark','REMARK',NULL,'true','true','text','true',NULL,24,NULL,NULL,NULL,'false',NULL,NULL,NULL,'false'),('e4e7e0e9deb8433f90579bdc6db6278a','3082ae6cfb554f6b9ec0355a4b65024d','CREATE_USER_ID','createUserId','CREATE_USER_ID',NULL,'true','true','text','true',NULL,25,NULL,NULL,NULL,'false',NULL,NULL,NULL,'false'),('a13ef954ce5a424daf800045acf1132d','3082ae6cfb554f6b9ec0355a4b65024d','CREATE_DATE','createDate','CREATE_DATE',NULL,'true','true','text','true',NULL,26,NULL,NULL,NULL,'false',NULL,NULL,NULL,'false'),('cb86ec9e76f0433b8ff5b15af395e064','3082ae6cfb554f6b9ec0355a4b65024d','UPDATE_USER_ID','updateUserId','UPDATE_USER_ID',NULL,'true','true','text','true',NULL,27,NULL,NULL,NULL,'false',NULL,NULL,NULL,'false'),('e48c8348d95a497ab69d135e56e1913b','3082ae6cfb554f6b9ec0355a4b65024d','UPDATE_DATE','updateDate','UPDATE_DATE',NULL,'true','true','text','true',NULL,28,NULL,NULL,NULL,'false',NULL,NULL,NULL,'false'),('e5a06d80ba1848c7b2439e0ce2e7f9b9','54687e7eff7d4cfd9aa08224421c2fbc','ID','id','ID',NULL,'true','true','text','true',NULL,0,NULL,NULL,NULL,'false',NULL,NULL,NULL,'false'),('519f5478c7af4c039dbdcf58bed749af','54687e7eff7d4cfd9aa08224421c2fbc','COLUMN_NAME','columnName','COLUMN_NAME',NULL,'true','true','text','true',NULL,1,NULL,NULL,NULL,'false',NULL,NULL,NULL,'false'),('24c85f5a65be4f449f7a6028b1e0b834','4e6ef4527bc144a5b99e627fbf62105c','ID','id','ID',NULL,'true','true','text','true',NULL,0,NULL,NULL,NULL,'false',NULL,NULL,NULL,'false'),('52ac36ec3d5f4bc7b12398dfd1700676','4e6ef4527bc144a5b99e627fbf62105c','TYPE_CODE','typeCode','            ',NULL,'true','true','text','true',NULL,1,NULL,NULL,NULL,'false',NULL,NULL,NULL,'false'),('bea4d84dbf814e78bf39eb6583da310b','4e6ef4527bc144a5b99e627fbf62105c','TYPE_NAME','typeName','TYPE_NAME',NULL,'true','true','text','true',NULL,2,NULL,NULL,NULL,'false',NULL,NULL,NULL,'false'),('2e1081ddd3eb474691c614cc18044a2b','4e6ef4527bc144a5b99e627fbf62105c','TYPE_RULE','typeRule','TYPE_RULE',NULL,'true','true','text','true',NULL,3,NULL,NULL,NULL,'false',NULL,NULL,NULL,'false'),('5af0650c98734534bf293ae6fead4af4','0a19411006504beb97dbeba4fee92787','ID','id','ID',NULL,'true','true','text','true',NULL,0,NULL,NULL,NULL,'false',NULL,NULL,NULL,'false'),('7d7631e5b18d449f97c0a840a7fb534b','0a19411006504beb97dbeba4fee92787','PROMOTION_ID','promotionId','PROMOTION_ID',NULL,'true','true','text','true',NULL,1,NULL,NULL,NULL,'false',NULL,NULL,NULL,'false'),('15905217f92e4381ac7e498f8c3c1094','0a19411006504beb97dbeba4fee92787','REF_ID','refId','REF_ID',NULL,'true','true','text','true',NULL,2,NULL,NULL,NULL,'false',NULL,NULL,NULL,'false'),('f1dd559f62dd4183be9c6ccdac74f07e','9ab434b9c9da4c8d850f2c64f1a18fa2','ID','id','ID',NULL,'true','true','text','true',NULL,0,NULL,NULL,NULL,'false',NULL,NULL,NULL,'false'),('91f9e5bff90f4341ab1132b4734cc3cd','9ab434b9c9da4c8d850f2c64f1a18fa2','PROMOTION_ID','promotionId','PROMOTION_ID',NULL,'true','true','text','true',NULL,1,NULL,NULL,NULL,'false',NULL,NULL,NULL,'false'),('ce9ea5b6905049c3b4f6989681d1d146','9ab434b9c9da4c8d850f2c64f1a18fa2','PRODUCT_ID','productId','PRODUCT_ID',NULL,'true','true','text','true',NULL,2,NULL,NULL,NULL,'false',NULL,NULL,NULL,'false'),('9c21820d229f4c8291fa29c9a9e5e71d','1d09b5973eb34ca888aca51712a6f1b6','ID','id','ID',NULL,'true','true','text','true',NULL,0,NULL,NULL,NULL,'false',NULL,NULL,NULL,'false'),('8528cf8afe6a492b9483cab168051b14','1d09b5973eb34ca888aca51712a6f1b6','PROMOTION_ID','promotionId','PROMOTION_ID',NULL,'true','true','text','true',NULL,1,NULL,NULL,NULL,'false',NULL,NULL,NULL,'false'),('918d2c750fe947399cd9a67f48790146','1d09b5973eb34ca888aca51712a6f1b6','PRODUCT_ID','productId','PRODUCT_ID',NULL,'true','true','text','true',NULL,2,NULL,NULL,NULL,'false',NULL,NULL,NULL,'false'),('139da50b362540f183b0bf36b7ea76ab','528fb36b34cf42e4add0d631b94b4e37','ID','id','ID',NULL,'true','true','text','true',NULL,0,NULL,NULL,NULL,'false',NULL,NULL,NULL,'false'),('e6d8eb7d6d14488397e8d4488b531e1f','528fb36b34cf42e4add0d631b94b4e37','PROMOTION_ID','promotionId','PROMOTION_ID',NULL,'true','true','text','true',NULL,1,NULL,NULL,NULL,'false',NULL,NULL,NULL,'false'),('00b026a6c1ec47c4a082a6823202147e','528fb36b34cf42e4add0d631b94b4e37','PRODUCT_ID','productId','PRODUCT_ID',NULL,'true','true','text','true',NULL,2,NULL,NULL,NULL,'false',NULL,NULL,NULL,'false'),('7f4debbb2b5c492a925338881b8552f0','528fb36b34cf42e4add0d631b94b4e37','LARGESS_TYPE','largessType','LARGESS_TYPE',NULL,'true','true','text','true',NULL,3,NULL,NULL,NULL,'false',NULL,NULL,NULL,'false'),('f1b482b81722467e9169f36ea569f9d8','528fb36b34cf42e4add0d631b94b4e37','LARGESS_COUNT','largessCount','LARGESS_COUNT',NULL,'true','true','text','true',NULL,4,NULL,NULL,NULL,'false',NULL,NULL,NULL,'false'),('68648a9f9f06411b94923674984fb3b8','528fb36b34cf42e4add0d631b94b4e37','CHANGE_PRICE','changePrice','CHANGE_PRICE',NULL,'true','true','text','true',NULL,5,NULL,NULL,NULL,'false',NULL,NULL,NULL,'false'),('3ca839be093d40e681619549e9c2ba64','528fb36b34cf42e4add0d631b94b4e37','GROUP_FLAG','groupFlag','GROUP_FLAG',NULL,'true','true','text','true',NULL,6,NULL,NULL,NULL,'false',NULL,NULL,NULL,'false'),('c78b5789d8914cc08884520a4f771f51','528fb36b34cf42e4add0d631b94b4e37','TOP_COUNT','topCount','TOP_COUNT',NULL,'true','true','text','true',NULL,7,NULL,NULL,NULL,'false',NULL,NULL,NULL,'false'),('94575dfbe242488393f570ce85cc7abf','a77fffee72cf489d9bea77a06a16e0e3','ID','id','ID',NULL,'true','true','text','true',NULL,0,NULL,NULL,NULL,'false',NULL,NULL,NULL,'false'),('8fa939b29f1a430a8410dd0a97b4331e','a77fffee72cf489d9bea77a06a16e0e3','TITLE','title','TITLE',NULL,'true','true','text','true',NULL,1,NULL,NULL,NULL,'false',NULL,NULL,NULL,'false'),('397e5102f4434b65a15245cf05862c52','a77fffee72cf489d9bea77a06a16e0e3','TYPE','type','0文字,1单图,2多图',NULL,'true','true','text','true',NULL,2,NULL,NULL,NULL,'false',NULL,NULL,NULL,'false'),('a3c9153a173e4043991fcd25b5efa3bb','a77fffee72cf489d9bea77a06a16e0e3','IS_USE','isUse','IS_USE',NULL,'true','true','text','true',NULL,3,NULL,NULL,NULL,'false',NULL,NULL,NULL,'false'),('747af7768cce47e0a321f1b8190df43b','a77fffee72cf489d9bea77a06a16e0e3','CONTENT','content','CONTENT',NULL,'true','true','text','true',NULL,4,NULL,NULL,NULL,'false',NULL,NULL,NULL,'false'),('933414947e2441629db09df5449a77d5','a77fffee72cf489d9bea77a06a16e0e3','IMG','img','IMG',NULL,'true','true','text','true',NULL,5,NULL,NULL,NULL,'false',NULL,NULL,NULL,'false'),('9a5704ed2ffb4327a729bd66c72df38d','a77fffee72cf489d9bea77a06a16e0e3','URL','url','URL',NULL,'true','true','text','true',NULL,6,NULL,NULL,NULL,'false',NULL,NULL,NULL,'false'),('fb8ac182da5345f7bc55bf4ee2fb3709','ab6a42de10fc411f99fb8a8fdb9ba194','ID','id','ID',NULL,'true','true','text','true',NULL,0,NULL,NULL,NULL,'false',NULL,NULL,NULL,'false'),('b1ab3de8fd6843088f741b67447616d3','ab6a42de10fc411f99fb8a8fdb9ba194','AD_ID','adId','AD_ID',NULL,'true','true','text','true',NULL,1,NULL,NULL,NULL,'false',NULL,NULL,NULL,'false'),('f684478bac1a42aebefae0f02499f060','ab6a42de10fc411f99fb8a8fdb9ba194','CONTENT','content','CONTENT',NULL,'true','true','text','true',NULL,2,NULL,NULL,NULL,'false',NULL,NULL,NULL,'false'),('0c0ab4c7548c4a34bc5a6972f6ed5ddc','ab6a42de10fc411f99fb8a8fdb9ba194','IMG','img','IMG',NULL,'true','true','text','true',NULL,3,NULL,NULL,NULL,'false',NULL,NULL,NULL,'false'),('e1010d5fd91c4e988fedf53c49d982cf','ab6a42de10fc411f99fb8a8fdb9ba194','URL','url','URL',NULL,'true','true','text','true',NULL,4,NULL,NULL,NULL,'false',NULL,NULL,NULL,'false'),('df645ea6ec884213976440b812b9b2fb','eee58a8560df4ed0950e1b70395f1216','ID','id','ID',NULL,'true','true','text','true',NULL,0,NULL,NULL,NULL,'false',NULL,NULL,NULL,'false'),('21342831bcb94f0d9c8aea1d3b97d21b','eee58a8560df4ed0950e1b70395f1216','NAME','name','支付方式名称',NULL,'true','true','text','true',NULL,1,NULL,NULL,NULL,'false',NULL,NULL,NULL,'false'),('3c603f5db5b74098a73bb1ce967ae1fe','eee58a8560df4ed0950e1b70395f1216','MERCHANTNO','merchantno','商户号',NULL,'true','true','text','true',NULL,2,NULL,NULL,NULL,'false',NULL,NULL,NULL,'false'),('feb9103bad4d4f4094afd2472082cb9c','eee58a8560df4ed0950e1b70395f1216','KEY','key','密钥',NULL,'true','true','text','true',NULL,3,NULL,NULL,NULL,'false',NULL,NULL,NULL,'false'),('3f4d7b090a484098a9911d612ee7dbb4','eee58a8560df4ed0950e1b70395f1216','PAYMODE','paymode','支付手续费设置',NULL,'true','true','text','true',NULL,4,NULL,NULL,NULL,'false',NULL,NULL,NULL,'false'),('deb350ec91dc44ddbadaea30d41e22e4','eee58a8560df4ed0950e1b70395f1216','PAYVALUE','payvalue','手续费',NULL,'true','true','text','true',NULL,5,NULL,NULL,NULL,'false',NULL,NULL,NULL,'false'),('4f5831e34b234eca9400921d5f8c8f37','eee58a8560df4ed0950e1b70395f1216','ORDERLIST','orderlist','排序',NULL,'true','true','text','true',NULL,6,NULL,NULL,NULL,'false',NULL,NULL,NULL,'false'),('9acd9a53b9d843c1ad615837bb26b063','eee58a8560df4ed0950e1b70395f1216','FLAG','flag','启用标志',NULL,'true','true','text','true',NULL,7,NULL,NULL,NULL,'false',NULL,NULL,NULL,'false'),('7599a04976ed454c8b32933b58f3ae63','eee58a8560df4ed0950e1b70395f1216','DESC','desc','描述',NULL,'true','true','text','true',NULL,8,NULL,NULL,NULL,'false',NULL,NULL,NULL,'false'),('430ab726135b466caefb811de38c31b7','eee58a8560df4ed0950e1b70395f1216','LOGO','logo','logo',NULL,'true','true','text','true',NULL,9,NULL,NULL,NULL,'false',NULL,NULL,NULL,'false'),('0ab89378b026473daed44e122f53903e','6e1373d111a04bf7a429cec0c0145049','ID','id','ID',NULL,'true','true','text','true',NULL,0,NULL,NULL,NULL,'false',NULL,NULL,NULL,'false'),('b5d9bfa218ce45f9a942c3c302e13636','6e1373d111a04bf7a429cec0c0145049','CATALOG_ID','catalogId','CATALOG_ID',NULL,'true','true','text','true',NULL,1,NULL,NULL,NULL,'false',NULL,NULL,NULL,'false'),('6574986115dd427dbca7950dd8d8ff79','6e1373d111a04bf7a429cec0c0145049','CODE','code','CODE',NULL,'true','true','text','true',NULL,2,NULL,NULL,NULL,'false',NULL,NULL,NULL,'false'),('b028caf0b8ec4489a632147c988ff9db','6e1373d111a04bf7a429cec0c0145049','PRODUCT_NO','productNo','PRODUCT_NO',NULL,'true','true','text','true',NULL,3,NULL,NULL,NULL,'false',NULL,NULL,NULL,'false'),('b145938e4502498f93205aac6eb41286','6e1373d111a04bf7a429cec0c0145049','UPC_CODE','upcCode','UPC_CODE',NULL,'true','true','text','true',NULL,4,NULL,NULL,NULL,'false',NULL,NULL,NULL,'false'),('34821e229198404489572b114117d6f1','6e1373d111a04bf7a429cec0c0145049','NAME','name','NAME',NULL,'true','true','text','true',NULL,5,NULL,NULL,NULL,'false',NULL,NULL,NULL,'false'),('8ae653e19e82486d92b5fe23be079c18','6e1373d111a04bf7a429cec0c0145049','SHOW_NAME','showName','SHOW_NAME',NULL,'true','true','text','true',NULL,6,NULL,NULL,NULL,'false',NULL,NULL,NULL,'false'),('4bdeb670f71e4d3cb3470e081fb42534','6e1373d111a04bf7a429cec0c0145049','PRODUCT_LABEL','productLabel','用',NULL,'true','true','text','true',NULL,7,NULL,NULL,NULL,'false',NULL,NULL,NULL,'false'),('9ea6fee49ec64a0aa784f54e1f2e2872','6e1373d111a04bf7a429cec0c0145049','BRAND_ID','brandId','BRAND_ID',NULL,'true','true','text','true',NULL,8,NULL,NULL,NULL,'false',NULL,NULL,NULL,'false'),('5f25910ba13344bfa27da220bd89a853','6e1373d111a04bf7a429cec0c0145049','BRAND_NAME','brandName','BRAND_NAME',NULL,'true','true','text','true',NULL,9,NULL,NULL,NULL,'false',NULL,NULL,NULL,'false'),('294ea41cb7e3473e9de8c76cb25ceff9','6e1373d111a04bf7a429cec0c0145049','LARGESS_FLAG','largessFlag','1：赠品，0：非赠品（默认）',NULL,'true','true','text','true',NULL,10,NULL,NULL,NULL,'false',NULL,NULL,NULL,'false'),('65734a195e19456cb14d5a9c7f614cb8','6e1373d111a04bf7a429cec0c0145049','MARKET_PRICE','marketPrice','MARKET_PRICE',NULL,'true','true','text','true',NULL,11,NULL,NULL,NULL,'false',NULL,NULL,NULL,'false'),('5d9bf38dcd094fcaaa71e57b424e2a28','6e1373d111a04bf7a429cec0c0145049','WEB_PRICE','webPrice','WEB_PRICE',NULL,'true','true','text','true',NULL,12,NULL,NULL,NULL,'false',NULL,NULL,NULL,'false'),('c4b99ee5d53e4b3a8addb54b5f021bb9','6e1373d111a04bf7a429cec0c0145049','SALE_PRICE','salePrice','SALE_PRICE',NULL,'true','true','text','true',NULL,13,NULL,NULL,NULL,'false',NULL,NULL,NULL,'false'),('0ac3fab2b2164827af7f8a4a956ca037','6e1373d111a04bf7a429cec0c0145049','COST_PRICE','costPrice','COST_PRICE',NULL,'true','true','text','true',NULL,14,NULL,NULL,NULL,'false',NULL,NULL,NULL,'false'),('112a6a04e0304f4fa0d8ff0e864fbef0','6e1373d111a04bf7a429cec0c0145049','BOTTOM_PRICE','bottomPrice','BOTTOM_PRICE',NULL,'true','true','text','true',NULL,15,NULL,NULL,NULL,'false',NULL,NULL,NULL,'false'),('d89701a6e59b48c1a7953ada38558192','6e1373d111a04bf7a429cec0c0145049','SALE_LANG','saleLang','SALE_LANG',NULL,'true','true','text','true',NULL,16,NULL,NULL,NULL,'false',NULL,NULL,NULL,'false'),('4bed807330ed46dcb2558ea1859dd667','6e1373d111a04bf7a429cec0c0145049','PARTICULAR_INTRO','particularIntro','PARTICULAR_INTRO',NULL,'true','true','text','true',NULL,17,NULL,NULL,NULL,'false',NULL,NULL,NULL,'false'),('d4c2cfc778a343d9a5749684ccfd645b','6e1373d111a04bf7a429cec0c0145049','SALE_TIME','saleTime','SALE_TIME',NULL,'true','true','text','true',NULL,18,NULL,NULL,NULL,'false',NULL,NULL,NULL,'false'),('b5d874e42f204b04a138dd037b5f4392','6e1373d111a04bf7a429cec0c0145049','SALE_FLAG','saleFlag','1：上架，0：下架（默认）',NULL,'true','true','text','true',NULL,19,NULL,NULL,NULL,'false',NULL,NULL,NULL,'false'),('9b4e9941b9a7434691626378c9bb9a8f','6e1373d111a04bf7a429cec0c0145049','ERP_SALE_FLAG','erpSaleFlag','1：上架，0：下架（默认）',NULL,'true','true','text','true',NULL,20,NULL,NULL,NULL,'false',NULL,NULL,NULL,'false'),('7d7a865b5ac941a386aee13138153893','6e1373d111a04bf7a429cec0c0145049','COMBINATION_FLAG','combinationFlag','1：组合，0：非组合（默认）',NULL,'true','true','text','true',NULL,21,NULL,NULL,NULL,'false',NULL,NULL,NULL,'false'),('fc42085b21dd4b3ca799708c1f1bc2c1','6e1373d111a04bf7a429cec0c0145049','STORES','stores','STORES',NULL,'true','true','text','true',NULL,22,NULL,NULL,NULL,'false',NULL,NULL,NULL,'false'),('a59450f20a0b46ada82a42519571531a','6e1373d111a04bf7a429cec0c0145049','OCCUPATIONS','occupations','OCCUPATIONS',NULL,'true','true','text','true',NULL,23,NULL,NULL,NULL,'false',NULL,NULL,NULL,'false'),('f09a8ede645343efb65ae99e536567f4','6e1373d111a04bf7a429cec0c0145049','BASE_LINE','baseLine','BASE_LINE',NULL,'true','true','text','true',NULL,24,NULL,NULL,NULL,'false',NULL,NULL,NULL,'false'),('8993713e4d7044dba226ebf6e0ae7062','6e1373d111a04bf7a429cec0c0145049','STORES_NEGATIVE','storesNegative','STORES_NEGATIVE',NULL,'true','true','text','true',NULL,25,NULL,NULL,NULL,'false',NULL,NULL,NULL,'false'),('e658e2243ce8481f9e4696e466a5b78f','6e1373d111a04bf7a429cec0c0145049','BASE_BAR_CODE','baseBarCode','BASE_BAR_CODE',NULL,'true','true','text','true',NULL,26,NULL,NULL,NULL,'false',NULL,NULL,NULL,'false'),('4c62b3584074406994c91aa49635187f','6e1373d111a04bf7a429cec0c0145049','BAR_CODE','barCode','BAR_CODE',NULL,'true','true','text','true',NULL,27,NULL,NULL,NULL,'false',NULL,NULL,NULL,'false'),('55ffdd27eed14074b92abc239dac18a8','6e1373d111a04bf7a429cec0c0145049','PRODUCT_SPEC','productSpec','PRODUCT_SPEC',NULL,'true','true','text','true',NULL,28,NULL,NULL,NULL,'false',NULL,NULL,NULL,'false'),('95525b37515d4c4bbbb61845c59736c0','6e1373d111a04bf7a429cec0c0145049','SHORT_CODE','shortCode','SHORT_CODE',NULL,'true','true','text','true',NULL,29,NULL,NULL,NULL,'false',NULL,NULL,NULL,'false'),('4bc1d6126f6b4b8b8b6760ca8af7b8e6','6e1373d111a04bf7a429cec0c0145049','STORE_PLACE','storePlace','STORE_PLACE',NULL,'true','true','text','true',NULL,30,NULL,NULL,NULL,'false',NULL,NULL,NULL,'false'),('f5ebd7156d134f6db498fa360e1b3fe7','6e1373d111a04bf7a429cec0c0145049','PICTURES','pictures','PICTURES',NULL,'true','true','text','true',NULL,31,NULL,NULL,NULL,'false',NULL,NULL,NULL,'false'),('3cd409a2e153412cb10b00dd66e278ef','6e1373d111a04bf7a429cec0c0145049','ORIGIN','origin','ORIGIN',NULL,'true','true','text','true',NULL,32,NULL,NULL,NULL,'false',NULL,NULL,NULL,'false'),('f9c8a4e3da82448a9f82108d8cc53395','6e1373d111a04bf7a429cec0c0145049','MANUFACTURER','manufacturer','MANUFACTURER',NULL,'true','true','text','true',NULL,33,NULL,NULL,NULL,'false',NULL,NULL,NULL,'false'),('44250eebb8f642cd8027ed4360b9be82','6e1373d111a04bf7a429cec0c0145049','PACK','pack','PACK',NULL,'true','true','text','true',NULL,34,NULL,NULL,NULL,'false',NULL,NULL,NULL,'false'),('c10b7ba0ef6d4bb39dd3df6d8be0fc23','6e1373d111a04bf7a429cec0c0145049','ORDER_NO','orderNo','ORDER_NO',NULL,'true','true','text','true',NULL,35,NULL,NULL,NULL,'false',NULL,NULL,NULL,'false'),('d21217cc4d42425e90cd4548abff0851','6e1373d111a04bf7a429cec0c0145049','SYN_FLAG','synFlag','1：不同步，0：同步（默认）',NULL,'true','true','text','true',NULL,36,NULL,NULL,NULL,'false',NULL,NULL,NULL,'false'),('092f502b4c294c6c8cf7e42bf5c3b948','6e1373d111a04bf7a429cec0c0145049','WEIGHT','weight','克',NULL,'true','true','text','true',NULL,37,NULL,NULL,NULL,'false',NULL,NULL,NULL,'false'),('5d2fe53c79a54a8191be9a7720fb2c46','6e1373d111a04bf7a429cec0c0145049','CUBAGE','cubage','立方厘米',NULL,'true','true','text','true',NULL,38,NULL,NULL,NULL,'false',NULL,NULL,NULL,'false'),('6a66f0aeddeb4f308e3fbd48e6e1561b','6e1373d111a04bf7a429cec0c0145049','CREATE_DATE','createDate','CREATE_DATE',NULL,'true','true','text','true',NULL,39,NULL,NULL,NULL,'false',NULL,NULL,NULL,'false'),('09185d2b282c471abc082b9135b430bd','6e1373d111a04bf7a429cec0c0145049','UPDATE_DATE','updateDate','UPDATE_DATE',NULL,'true','true','text','true',NULL,40,NULL,NULL,NULL,'false',NULL,NULL,NULL,'false'),('9c4425e6b6db4ad2a2d5f2194dd47af3','6e1373d111a04bf7a429cec0c0145049','NEW_FLAG','newFlag','是否新品',NULL,'true','true','text','true',NULL,41,NULL,NULL,NULL,'false',NULL,NULL,NULL,'false'),('56c9ba90dbc34277bb4ed5c106c38db0','6e1373d111a04bf7a429cec0c0145049','BOUTIQUE_FLAG','boutiqueFlag','是否精品',NULL,'true','true','text','true',NULL,42,NULL,NULL,NULL,'false',NULL,NULL,NULL,'false'),('61775cf46d194f99be38c1740f76de87','6e1373d111a04bf7a429cec0c0145049','HOT_FLAG','hotFlag','是否热销',NULL,'true','true','text','true',NULL,43,NULL,NULL,NULL,'false',NULL,NULL,NULL,'false'),('47c52440983246c7b99f03f689a8601b','6e1373d111a04bf7a429cec0c0145049','RECOMMEND_FLAG','recommendFlag','是否推荐',NULL,'true','true','text','true',NULL,44,NULL,NULL,NULL,'false',NULL,NULL,NULL,'false'),('b90ff3b3359c40e8a7a638b402c7d8d9','a7f1d9ce947841c99c3a59326ab6996f','ID','id','ID',NULL,'true','true','text','true',NULL,0,NULL,NULL,NULL,'false',NULL,NULL,NULL,'false'),('0a7b4125ae7941da9dcfe2f3c12d74cd','a7f1d9ce947841c99c3a59326ab6996f','PARENT_ID','parentId','PARENT_ID',NULL,'true','true','text','true',NULL,1,NULL,NULL,NULL,'false',NULL,NULL,NULL,'false'),('40d96ba262a34611ab9e9c151879cb23','a7f1d9ce947841c99c3a59326ab6996f','USER_ID','userId','USER_ID',NULL,'true','true','text','true',NULL,2,NULL,NULL,NULL,'false',NULL,NULL,NULL,'false'),('bd05e96b3b474571a8d56e040916c40c','a7f1d9ce947841c99c3a59326ab6996f','CODE','code','订单编码为日期+当天流水码',NULL,'true','true','text','true',NULL,3,NULL,NULL,NULL,'false',NULL,NULL,NULL,'false'),('3882cee178be4552a20674390c349529','a7f1d9ce947841c99c3a59326ab6996f','ORDER_USER_ID','orderUserId','ORDER_USER_ID',NULL,'true','true','text','true',NULL,4,NULL,NULL,NULL,'false',NULL,NULL,NULL,'false'),('020cc18f6f974a9aa6655ba603c40e81','a7f1d9ce947841c99c3a59326ab6996f','ORDER_DATE','orderDate','ORDER_DATE',NULL,'true','true','text','true',NULL,5,NULL,NULL,NULL,'false',NULL,NULL,NULL,'false'),('3eef6182825f442a9573f773223fce3c','a7f1d9ce947841c99c3a59326ab6996f','ORDER_FROM','orderFrom','“0”：网站前台，“1”：运营后台',NULL,'true','true','text','true',NULL,6,NULL,NULL,NULL,'false',NULL,NULL,NULL,'false'),('66077d3bdb08413d9c7310be643366e3','0076902887154cc39efeb86065be6ea9','ID','id','ID',NULL,'true','true','text','true',NULL,0,NULL,NULL,NULL,'false',NULL,NULL,NULL,'false'),('a61f5e226bda47aa89d5cd99b89f4954','0076902887154cc39efeb86065be6ea9','PARENT_ID','parentId','PARENT_ID',NULL,'true','true','text','true',NULL,1,NULL,NULL,NULL,'false',NULL,NULL,NULL,'false'),('bbdbfe04cdaf4026862e00dd6a09cfe6','0076902887154cc39efeb86065be6ea9','USER_ID','userId','USER_ID',NULL,'true','true','text','true',NULL,2,NULL,NULL,NULL,'false',NULL,NULL,NULL,'false'),('7deb81c7651c467aa339621147a15731','0076902887154cc39efeb86065be6ea9','CODE','code','订单编码为日期+当天流水码',NULL,'true','true','text','true',NULL,3,NULL,NULL,NULL,'false',NULL,NULL,NULL,'false'),('a9322ccb80c24f5386d4be1f98f2c8a8','0076902887154cc39efeb86065be6ea9','ORDER_USER_ID','orderUserId','ORDER_USER_ID',NULL,'true','true','text','true',NULL,4,NULL,NULL,NULL,'false',NULL,NULL,NULL,'false'),('10b13d45fb78469486ce59c7e645590f','0076902887154cc39efeb86065be6ea9','ORDER_DATE','orderDate','ORDER_DATE',NULL,'true','true','text','true',NULL,5,NULL,NULL,NULL,'false',NULL,NULL,NULL,'false'),('e3173fb6fdd74f05af6622337c66a134','0076902887154cc39efeb86065be6ea9','ORDER_FROM','orderFrom','ORDER_FROM',NULL,'true','true','text','true',NULL,6,NULL,NULL,NULL,'false',NULL,NULL,NULL,'false'),('2f94d54b26d3471c86e729af4ce144d8','0076902887154cc39efeb86065be6ea9','STATUS','status','STATUS',NULL,'true','true','text','true',NULL,7,NULL,NULL,NULL,'false',NULL,NULL,NULL,'false'),('5fd95ffbb77d4dce86804f35936a465f','0076902887154cc39efeb86065be6ea9','CANCEL_REASON','cancelReason','CANCEL_REASON',NULL,'true','true','text','true',NULL,8,NULL,NULL,NULL,'false',NULL,NULL,NULL,'false'),('e70d2e974b6d4806900b7554d8a0609d','0076902887154cc39efeb86065be6ea9','CANCEL_USER_ID','cancelUserId','CANCEL_USER_ID',NULL,'true','true','text','true',NULL,9,NULL,NULL,NULL,'false',NULL,NULL,NULL,'false'),('699323dfd43c43f6b44a958475b42ded','0076902887154cc39efeb86065be6ea9','CANCEL_DATE','cancelDate','CANCEL_DATE',NULL,'true','true','text','true',NULL,10,NULL,NULL,NULL,'false',NULL,NULL,NULL,'false'),('3e1124c260c449c282dc908e1587ac24','0076902887154cc39efeb86065be6ea9','PAY_MODE','payMode','00网上支付（转换为支付平台），10货到付款，            ',NULL,'true','true','text','true',NULL,11,NULL,NULL,NULL,'false',NULL,NULL,NULL,'false'),('6e36a57631774e4ca3868ba510c088c1','0076902887154cc39efeb86065be6ea9','PAY_STATUS','payStatus','PAY_STATUS',NULL,'true','true','text','true',NULL,12,NULL,NULL,NULL,'false',NULL,NULL,NULL,'false'),('453f6ca9a73b4454a76caea840829f21','0076902887154cc39efeb86065be6ea9','DISPATCH_STATUS','dispatchStatus','DISPATCH_STATUS',NULL,'true','true','text','true',NULL,13,NULL,NULL,NULL,'false',NULL,NULL,NULL,'false'),('93eec93a8f9a403895b6ede85d4dfdcb','0076902887154cc39efeb86065be6ea9','DISPATCH_MODE','dispatchMode','DISPATCH_MODE',NULL,'true','true','text','true',NULL,14,NULL,NULL,NULL,'false',NULL,NULL,NULL,'false'),('ec67b00f991a48d6aa957e8133e58cac','0076902887154cc39efeb86065be6ea9','DISPATCH_RULE','dispatchRule','DISPATCH_RULE',NULL,'true','true','text','true',NULL,15,NULL,NULL,NULL,'false',NULL,NULL,NULL,'false'),('8c15f51c70fc4aee8a53f6460153720e','0076902887154cc39efeb86065be6ea9','COMPANY_ID','companyId','COMPANY_ID',NULL,'true','true','text','true',NULL,16,NULL,NULL,NULL,'false',NULL,NULL,NULL,'false'),('958378fd2c2343d2a2b4f2b07cb07de2','0076902887154cc39efeb86065be6ea9','DISPATCH_FEE','dispatchFee','DISPATCH_FEE',NULL,'true','true','text','true',NULL,17,NULL,NULL,NULL,'false',NULL,NULL,NULL,'false'),('aa34ca4f0338421887cdb2bd3dfb5ce1','0076902887154cc39efeb86065be6ea9','ALL_MONEY','allMoney','不包括配送费用',NULL,'true','true','text','true',NULL,18,NULL,NULL,NULL,'false',NULL,NULL,NULL,'false'),('5d5f064f72f9479bb0611ac8fa8bc0c4','0076902887154cc39efeb86065be6ea9','PRODUCT_MONEY','productMoney','PRODUCT_MONEY',NULL,'true','true','text','true',NULL,19,NULL,NULL,NULL,'false',NULL,NULL,NULL,'false'),('d7bd57e9f04e466287d962c2f8c58361','0076902887154cc39efeb86065be6ea9','REFUND_FLAG','refundFlag','REFUND_FLAG',NULL,'true','true','text','true',NULL,20,NULL,NULL,NULL,'false',NULL,NULL,NULL,'false'),('dbfddbf7850d4dab89b14503a5ba47d6','0076902887154cc39efeb86065be6ea9','INVOICE_TYPE','invoiceType','INVOICE_TYPE',NULL,'true','true','text','true',NULL,21,NULL,NULL,NULL,'false',NULL,NULL,NULL,'false'),('68e6a1ace2804565ab008a31f9c32a27','0076902887154cc39efeb86065be6ea9','INVOICE_TITLE','invoiceTitle','INVOICE_TITLE',NULL,'true','true','text','true',NULL,22,NULL,NULL,NULL,'false',NULL,NULL,NULL,'false'),('46261066a6f94ba1b37673adbed86da9','0076902887154cc39efeb86065be6ea9','INVOICE_CONTENT','invoiceContent','INVOICE_CONTENT',NULL,'true','true','text','true',NULL,23,NULL,NULL,NULL,'false',NULL,NULL,NULL,'false'),('50f721944aca4a25ba1e628d076964ef','0076902887154cc39efeb86065be6ea9','COMPANY_NAME','companyName','COMPANY_NAME',NULL,'true','true','text','true',NULL,24,NULL,NULL,NULL,'false',NULL,NULL,NULL,'false'),('0a271a7f1d514f4d83ccce31f1369db1','0076902887154cc39efeb86065be6ea9','INVOICE_TAX_NO','invoiceTaxNo','INVOICE_TAX_NO',NULL,'true','true','text','true',NULL,25,NULL,NULL,NULL,'false',NULL,NULL,NULL,'false'),('fcb170f9c62342508e0df35f54d2c8ea','0076902887154cc39efeb86065be6ea9','INVOICE_ADDRESS','invoiceAddress','INVOICE_ADDRESS',NULL,'true','true','text','true',NULL,26,NULL,NULL,NULL,'false',NULL,NULL,NULL,'false'),('2310ac0dff8b457b8cddc914e1e1b106','0076902887154cc39efeb86065be6ea9','INVOICE_TEL','invoiceTel','INVOICE_TEL',NULL,'true','true','text','true',NULL,27,NULL,NULL,NULL,'false',NULL,NULL,NULL,'false'),('5dffa97fce9d4751a9c42a6df6e3dacc','0076902887154cc39efeb86065be6ea9','INVOICE_BANK','invoiceBank','INVOICE_BANK',NULL,'true','true','text','true',NULL,28,NULL,NULL,NULL,'false',NULL,NULL,NULL,'false'),('19d65d63e0be49c5a1857ab9a753d7ee','0076902887154cc39efeb86065be6ea9','INVOICE_ACCOUNT','invoiceAccount','INVOICE_ACCOUNT',NULL,'true','true','text','true',NULL,29,NULL,NULL,NULL,'false',NULL,NULL,NULL,'false'),('3a1acf2c036f42bd94ea49315316ee6d','0076902887154cc39efeb86065be6ea9','REMARK','remark','REMARK',NULL,'true','true','text','true',NULL,30,NULL,NULL,NULL,'false',NULL,NULL,NULL,'false'),('005887ea03e04c00816ffb890c0ed4be','0076902887154cc39efeb86065be6ea9','END_INFO','endInfo','END_INFO',NULL,'true','true','text','true',NULL,31,NULL,NULL,NULL,'false',NULL,NULL,NULL,'false'),('66506ef5f9404869be78ada61fb89d87','0076902887154cc39efeb86065be6ea9','REJECT_DATE','rejectDate','REJECT_DATE',NULL,'true','true','text','true',NULL,32,NULL,NULL,NULL,'false',NULL,NULL,NULL,'false'),('9fcbaeb5a6e245ed9504834493b0cd45','0076902887154cc39efeb86065be6ea9','ORDER_TYPE','orderType','ORDER_TYPE',NULL,'true','true','text','true',NULL,33,NULL,NULL,NULL,'false',NULL,NULL,NULL,'false'),('16dc18cdbcfe452e9be8c8a0485c338d','0076902887154cc39efeb86065be6ea9','ORIGINAL_ORDER_NO','originalOrderNo','ORIGINAL_ORDER_NO',NULL,'true','true','text','true',NULL,34,NULL,NULL,NULL,'false',NULL,NULL,NULL,'false'),('7d25585f41404c53a518357db732af83','0076902887154cc39efeb86065be6ea9','ERP_COMPANY','erpCompany','ERP_COMPANY',NULL,'true','true','text','true',NULL,35,NULL,NULL,NULL,'false',NULL,NULL,NULL,'false'),('85cd9a270c5d418e8f6178dbd3cc5c2a','0076902887154cc39efeb86065be6ea9','TRANS_NO','transNo','TRANS_NO',NULL,'true','true','text','true',NULL,36,NULL,NULL,NULL,'false',NULL,NULL,NULL,'false'),('6300d8e806cd4ad182e074c4d9bc5d0b','0076902887154cc39efeb86065be6ea9','PICK_DATE','pickDate','PICK_DATE',NULL,'true','true','text','true',NULL,37,NULL,NULL,NULL,'false',NULL,NULL,NULL,'false'),('38eee1c058b74b36b56c987d7d10b2d3','0076902887154cc39efeb86065be6ea9','DISPATCH_DATE','dispatchDate','DISPATCH_DATE',NULL,'true','true','text','true',NULL,38,NULL,NULL,NULL,'false',NULL,NULL,NULL,'false'),('3110fbade23648db91ed099e35b5b731','0076902887154cc39efeb86065be6ea9','TICKET_ID','ticketId','TICKET_ID',NULL,'true','true','text','true',NULL,39,NULL,NULL,NULL,'false',NULL,NULL,NULL,'false'),('6b8abe147de04a948f4c62cfc2affaf6','0076902887154cc39efeb86065be6ea9','ERP_FLAG','erpFlag','ERP_FLAG',NULL,'true','true','text','true',NULL,40,NULL,NULL,NULL,'false',NULL,NULL,NULL,'false'),('31e9eb757efd4b26a88574456c3474d7','0076902887154cc39efeb86065be6ea9','WORK_NO','workNo','WORK_NO',NULL,'true','true','text','true',NULL,41,NULL,NULL,NULL,'false',NULL,NULL,NULL,'false'),('2885e854231b4204a56ab53c78b20b0d','0076902887154cc39efeb86065be6ea9','CREATE_USER_ID','createUserId','CREATE_USER_ID',NULL,'true','true','text','true',NULL,42,NULL,NULL,NULL,'false',NULL,NULL,NULL,'false'),('54d51411aec74274b485f68cd8e496d6','0076902887154cc39efeb86065be6ea9','CREATE_DATE','createDate','CREATE_DATE',NULL,'true','true','text','true',NULL,43,NULL,NULL,NULL,'false',NULL,NULL,NULL,'false'),('ead3e10bf6144bac8b99d28d717b04f8','0076902887154cc39efeb86065be6ea9','UPDATE_USER_ID','updateUserId','UPDATE_USER_ID',NULL,'true','true','text','true',NULL,44,NULL,NULL,NULL,'false',NULL,NULL,NULL,'false'),('db568fadccd443369a36b94ee3a7d8d0','0076902887154cc39efeb86065be6ea9','UPDATE_DATE','updateDate','UPDATE_DATE',NULL,'true','true','text','true',NULL,45,NULL,NULL,NULL,'false',NULL,NULL,NULL,'false'),('afed58605c494bc99b21f464601a7b96','75bf3de3c2df4b06a8aaec1b079c2baa','ID','id','ID',NULL,'true','true','text','true',NULL,0,NULL,NULL,NULL,'false',NULL,NULL,NULL,'false'),('96eb92be4d1c4ac08e705bc590544e6b','75bf3de3c2df4b06a8aaec1b079c2baa','ORDER_ID','orderId','ORDER_ID',NULL,'true','true','text','true',NULL,1,NULL,NULL,NULL,'false',NULL,NULL,NULL,'false'),('99859efcc2c14c04a4712ca6c6cb07d9','75bf3de3c2df4b06a8aaec1b079c2baa','CONSIGNEE','consignee','CONSIGNEE',NULL,'true','true','text','true',NULL,2,NULL,NULL,NULL,'false',NULL,NULL,NULL,'false'),('b3471b3dc4f043fa81a7cd6da710a2bd','75bf3de3c2df4b06a8aaec1b079c2baa','TEL','tel','TEL',NULL,'true','true','text','true',NULL,3,NULL,NULL,NULL,'false',NULL,NULL,NULL,'false'),('68f5ff8873c842b4976c5949e054e4b7','75bf3de3c2df4b06a8aaec1b079c2baa','MOBILE','mobile','MOBILE',NULL,'true','true','text','true',NULL,4,NULL,NULL,NULL,'false',NULL,NULL,NULL,'false'),('1d863472c40f435ba8e8743d1d9752a4','75bf3de3c2df4b06a8aaec1b079c2baa','PROVINCE_ID','provinceId','PROVINCE_ID',NULL,'true','true','text','true',NULL,5,NULL,NULL,NULL,'false',NULL,NULL,NULL,'false'),('90b2894ae5294ab99d0faa668887beb3','75bf3de3c2df4b06a8aaec1b079c2baa','CITY_ID','cityId','CITY_ID',NULL,'true','true','text','true',NULL,6,NULL,NULL,NULL,'false',NULL,NULL,NULL,'false'),('6c26b83c769848c58b315d36188edd07','75bf3de3c2df4b06a8aaec1b079c2baa','COUNTY_ID','countyId','COUNTY_ID',NULL,'true','true','text','true',NULL,7,NULL,NULL,NULL,'false',NULL,NULL,NULL,'false'),('90f97476f2bc46869f508abbb6474a0b','75bf3de3c2df4b06a8aaec1b079c2baa','ADDRESS','address','ADDRESS',NULL,'true','true','text','true',NULL,8,NULL,NULL,NULL,'false',NULL,NULL,NULL,'false'),('5da03d305f2c455e91831ef9232a2035','75bf3de3c2df4b06a8aaec1b079c2baa','ZIP','zip','ZIP',NULL,'true','true','text','true',NULL,9,NULL,NULL,NULL,'false',NULL,NULL,NULL,'false'),('e899a749044a4fc7893a6cf2e48a7d71','75bf3de3c2df4b06a8aaec1b079c2baa','EMAIL','email','EMAIL',NULL,'true','true','text','true',NULL,10,NULL,NULL,NULL,'false',NULL,NULL,NULL,'false'),('7c95aa0dc70448b3b54d1e79b91d859f','75bf3de3c2df4b06a8aaec1b079c2baa','PCC','pcc','PCC',NULL,'true','true','text','true',NULL,11,NULL,NULL,NULL,'false',NULL,NULL,NULL,'false'),('0ec3cb8348cc4012afbf8f83183759e7','f47357698f324e16ac32196de965c277','ID','id','ID',NULL,'true','true','text','true',NULL,0,NULL,NULL,NULL,'false',NULL,NULL,NULL,'false'),('41289b6c8fbe41cd98482e31b3636e10','f47357698f324e16ac32196de965c277','ORDER_ID','orderId','ORDER_ID',NULL,'true','true','text','true',NULL,1,NULL,NULL,NULL,'false',NULL,NULL,NULL,'false'),('9f4f868791f54257a314ed4f1d629e7a','f47357698f324e16ac32196de965c277','FLOW_STATUS','flowStatus','FLOW_STATUS',NULL,'true','true','text','true',NULL,2,NULL,NULL,NULL,'false',NULL,NULL,NULL,'false'),('86d1ec166f0d455b8a13e198e7d8ba96','f47357698f324e16ac32196de965c277','OPERATOR_ID','operatorId','OPERATOR_ID',NULL,'true','true','text','true',NULL,3,NULL,NULL,NULL,'false',NULL,NULL,NULL,'false'),('1cda7dac8e844b99a026537d4aefea1f','f47357698f324e16ac32196de965c277','OPERATOR_NAME','operatorName','OPERATOR_NAME',NULL,'true','true','text','true',NULL,4,NULL,NULL,NULL,'false',NULL,NULL,NULL,'false'),('3a2afa406fd34e76a3c1d17143c92fae','f47357698f324e16ac32196de965c277','OPERATOR_DATE','operatorDate','OPERATOR_DATE',NULL,'true','true','text','true',NULL,5,NULL,NULL,NULL,'false',NULL,NULL,NULL,'false'),('fa5bb931850e488ba69ffb07d7a5da55','f47357698f324e16ac32196de965c277','OPERATOR_INTRO','operatorIntro','OPERATOR_INTRO',NULL,'true','true','text','true',NULL,6,NULL,NULL,NULL,'false',NULL,NULL,NULL,'false'),('b127ba66e21c4c5cb82058892f41350a','d65eb88bafab4a4b965f9b1eef754f07','ID','id','ID',NULL,'true','true','text','true',NULL,0,NULL,NULL,NULL,'false',NULL,NULL,NULL,'false'),('bc48c4dab2ae40df86bf0b766fea3459','d65eb88bafab4a4b965f9b1eef754f07','FLOW_NAME','flowName','流程名称',NULL,'true','true','text','true',NULL,1,NULL,NULL,NULL,'false',NULL,NULL,NULL,'false'),('04d8606d974f4a61a9285a429e45e05b','d65eb88bafab4a4b965f9b1eef754f07','FLOW_CONTENT','flowContent','FLOW_CONTENT',NULL,'true','true','text','true',NULL,2,NULL,NULL,NULL,'false',NULL,NULL,NULL,'false'),('54a81e79ab3f48de9079380e1805d9b4','d65eb88bafab4a4b965f9b1eef754f07','USE_FLAG','useFlag','是否启用',NULL,'true','true','text','true',NULL,3,NULL,NULL,NULL,'false',NULL,NULL,NULL,'false'),('939d934cd8b54ea787896d696a19d06f','d65eb88bafab4a4b965f9b1eef754f07','ORDER_NO','orderNo','排序号',NULL,'true','true','text','true',NULL,4,NULL,NULL,NULL,'false',NULL,NULL,NULL,'false'),('1eae8af3e137469ead2952d5bca747d6','d65eb88bafab4a4b965f9b1eef754f07','FLOW_HREF','flowHref','FLOW_HREF',NULL,'true','true','text','true',NULL,5,NULL,NULL,NULL,'false',NULL,NULL,NULL,'false'),('550b1aace4604369a58dfdd940bf4d0a','64707c5d608747f4b9fa9e46e9c4e21f','ID','id','ID',NULL,'true','true','text','true',NULL,0,NULL,NULL,NULL,'false',NULL,NULL,NULL,'false'),('adaca9b300ad45f8852874d8f40c9de0','64707c5d608747f4b9fa9e46e9c4e21f','ORDER_ID','orderId','ORDER_ID',NULL,'true','true','text','true',NULL,1,NULL,NULL,NULL,'false',NULL,NULL,NULL,'false'),('d4dccc07482b489da95a159ed0d3e711','64707c5d608747f4b9fa9e46e9c4e21f','PRODUCT_ID','productId','PRODUCT_ID',NULL,'true','true','text','true',NULL,2,NULL,NULL,NULL,'false',NULL,NULL,NULL,'false'),('62b4ab9d3f904b1e807e92fcab55ef67','64707c5d608747f4b9fa9e46e9c4e21f','PRODUCT_NAME','productName','PRODUCT_NAME',NULL,'true','true','text','true',NULL,3,NULL,NULL,NULL,'false',NULL,NULL,NULL,'false'),('cf558f0b415f473b9bbc1d239b264192','64707c5d608747f4b9fa9e46e9c4e21f','AMOUNT','amount','AMOUNT',NULL,'true','true','text','true',NULL,4,NULL,NULL,NULL,'false',NULL,NULL,NULL,'false'),('63418fec466249d18993dab442cbbe19','64707c5d608747f4b9fa9e46e9c4e21f','SALE_PRICE','salePrice','SALE_PRICE',NULL,'true','true','text','true',NULL,5,NULL,NULL,NULL,'false',NULL,NULL,NULL,'false'),('295483ee3d4545f3b0329a13d44a3b70','64707c5d608747f4b9fa9e46e9c4e21f','WEB_PRICE','webPrice','WEB_PRICE',NULL,'true','true','text','true',NULL,6,NULL,NULL,NULL,'false',NULL,NULL,NULL,'false'),('a81f956875fa4e748530dee7ade536a1','64707c5d608747f4b9fa9e46e9c4e21f','ERP_PRICE','erpPrice','ERP_PRICE',NULL,'true','true','text','true',NULL,7,NULL,NULL,NULL,'false',NULL,NULL,NULL,'false'),('fcff42b6cc5546c09b36f314a1b52f28','64707c5d608747f4b9fa9e46e9c4e21f','LARGESS_FLAG','largessFlag','1：赠品，0：非赠品（默认）,2：换购',NULL,'true','true','text','true',NULL,8,NULL,NULL,NULL,'false',NULL,NULL,NULL,'false'),('ba077e4bb15a435db163ab23f4ba5bdb','33626b3d686a4e539cf54544356e45d4','ID','id','ID',NULL,'true','true','text','true',NULL,0,NULL,NULL,NULL,'false',NULL,NULL,NULL,'false'),('d68aa4eb82e5457c992ecb0f05f35911','33626b3d686a4e539cf54544356e45d4','NAME','name','名称',NULL,'true','true','text','true',NULL,1,NULL,NULL,NULL,'false',NULL,NULL,NULL,'false'),('8784caa15ae54a67bbc57064dd562941','33626b3d686a4e539cf54544356e45d4','QYBZ','qybz','是否启用',NULL,'true','true','text','true',NULL,2,NULL,NULL,NULL,'false',NULL,NULL,NULL,'false'),('8ed3391c65a143cb9bce1e1201f6e4ad','33626b3d686a4e539cf54544356e45d4','CTIME','ctime','创建时间',NULL,'true','true','text','true',NULL,3,NULL,NULL,NULL,'false',NULL,NULL,NULL,'false'),('ccf2fe75003e42a894336084b3cbe02c','fd91c816e7ef4503a2ff201281307db4','ID','id','ID',NULL,'true','true','text','true',NULL,0,NULL,NULL,NULL,'false',NULL,NULL,NULL,'false'),('b5678b8804ff4502a8167fb072761b64','fd91c816e7ef4503a2ff201281307db4','TITLE','title','标题',NULL,'true','true','text','true',NULL,1,NULL,NULL,NULL,'false',NULL,NULL,NULL,'true'),('6b73515d61124512873f0bd2891adc52','fd91c816e7ef4503a2ff201281307db4','CATEGORY_ID','categoryId','菜单分类',NULL,'true','true','text','true',NULL,2,NULL,NULL,NULL,'false',NULL,NULL,NULL,'false'),('f7d97136bab5414cb56f61dd9dea524f','fd91c816e7ef4503a2ff201281307db4','MENU_INFO','menuInfo','菜单介绍',NULL,'true','true','text','true',NULL,3,NULL,NULL,NULL,'false',NULL,NULL,NULL,'false'),('7183226bba1c46d8aaf4220aa63aac59','fd91c816e7ef4503a2ff201281307db4','IMGURL','imgurl','图片地址',NULL,'true','true','text','true',NULL,4,NULL,NULL,NULL,'false',NULL,NULL,NULL,'false'),('d9b04500cc3c49d1a6f5ec8e6ce8ffae','fd91c816e7ef4503a2ff201281307db4','CONTENT','content','内容描述',NULL,'true','true','text','true',NULL,5,NULL,NULL,NULL,'false',NULL,NULL,NULL,'false'),('76f4ab1d7a524e57bbe2daaa43dabead','fd91c816e7ef4503a2ff201281307db4','QYBZ','qybz','启用标志',NULL,'true','true','text','true',NULL,6,NULL,NULL,NULL,'false',NULL,NULL,NULL,'false'),('096673b675a84fbb886bea11baa21443','fd91c816e7ef4503a2ff201281307db4','CTIME','ctime','创建时间',NULL,'true','true','text','true',NULL,7,NULL,NULL,NULL,'false',NULL,NULL,NULL,'false'),('4cc14894c591418b9a3398ad6d35809e','fd91c816e7ef4503a2ff201281307db4','ORDERLIST','orderlist','排序号',NULL,'true','true','text','true',NULL,8,NULL,NULL,NULL,'false',NULL,NULL,NULL,'false'),('68d2edd492784e908f00f79a4af9bb91','97e45052920d4eb79ef1ede403d49dfb','ID','id','ID',NULL,'true','true','text','true',NULL,0,NULL,NULL,NULL,'false',NULL,NULL,NULL,'false'),('8ddf621edbd542a0ab3dc729c33c8714','97e45052920d4eb79ef1ede403d49dfb','PARK_NAME','parkName','停车点名称',NULL,'true','true','text','true',NULL,1,NULL,NULL,NULL,'false',NULL,NULL,NULL,'true'),('63ea9539ac984cde94d65dc4741fb2bc','97e45052920d4eb79ef1ede403d49dfb','ADDRESS','address','地址',NULL,'true','true','text','true',NULL,2,NULL,NULL,NULL,'false',NULL,NULL,NULL,'false'),('7bb7d74721e343e48293d690dcd37c94','97e45052920d4eb79ef1ede403d49dfb','SHORT_NAME','shortName','停车点简称',NULL,'true','true','text','true',NULL,3,NULL,NULL,NULL,'false',NULL,NULL,NULL,'false'),('526bee66b69a4e56a2b030245a69a129','97e45052920d4eb79ef1ede403d49dfb','PARK_CODE','parkCode','停车点编号',NULL,'true','true','text','true',NULL,4,NULL,NULL,NULL,'false',NULL,NULL,NULL,'true'),('720727b61f264e89bfa40913f5d9902e','97e45052920d4eb79ef1ede403d49dfb','REMARK','remark','备注',NULL,'true','true','text','true',NULL,5,NULL,NULL,NULL,'false',NULL,NULL,NULL,'false'),('005facbb8bbf482f85f1449f07cd3a5b','97e45052920d4eb79ef1ede403d49dfb','MAPX','mapx','地图x',NULL,'true','true','text','true',NULL,6,NULL,NULL,NULL,'false',NULL,NULL,NULL,'false'),('f0a71c7175eb48aba395a0a1abf3ecc2','97e45052920d4eb79ef1ede403d49dfb','MAPY','mapy','地图y',NULL,'true','true','text','true',NULL,7,NULL,NULL,NULL,'false',NULL,NULL,NULL,'false'),('9d6c299c09fd45ef89f5623deb013962','97e45052920d4eb79ef1ede403d49dfb','PARK_FEE','parkFee','收费信息',NULL,'true','true','text','true',NULL,8,NULL,NULL,NULL,'false',NULL,NULL,NULL,'false'),('b00550eec86f42d7a5d5d021d15d1f15','97e45052920d4eb79ef1ede403d49dfb','PARK_TYPE','parkType','停车点类型',NULL,'true','true','text','true',NULL,9,NULL,NULL,NULL,'false',NULL,NULL,NULL,'false'),('045a0d9592d64153978d7eb55feaf890','97e45052920d4eb79ef1ede403d49dfb','OPEN_TIME','openTime','营业时间',NULL,'true','true','text','true',NULL,10,NULL,NULL,NULL,'false',NULL,NULL,NULL,'false'),('52fe08fc49924d3e9bbaee0e67eade8f','97e45052920d4eb79ef1ede403d49dfb','FREE_LEVEL','freeLevel','已满、繁忙、拥挤、空闲',NULL,'true','true','text','true',NULL,11,NULL,NULL,NULL,'false',NULL,NULL,NULL,'true'),('e2f0066ca2364e258610f2bc9287d858','97e45052920d4eb79ef1ede403d49dfb','STATUS','status','状态',NULL,'true','true','text','true',NULL,12,NULL,NULL,NULL,'false',NULL,NULL,NULL,'false'),('7042929364004bc4988284806084874a','97e45052920d4eb79ef1ede403d49dfb','PARK_COUNT','parkCount','总位数',NULL,'true','true','text','true',NULL,13,NULL,NULL,NULL,'false',NULL,NULL,NULL,'false'),('c481b5dbcded49d0ba2e023b679b040b','97e45052920d4eb79ef1ede403d49dfb','PARK_LESS','parkLess','剩余位数',NULL,'true','true','text','true',NULL,14,NULL,NULL,NULL,'false',NULL,NULL,NULL,'false'),('3f74e3e10b354015b19a6420880ebcae','97e45052920d4eb79ef1ede403d49dfb','APPOINTMENT','appointment','是否预约',NULL,'true','true','text','true',NULL,15,NULL,NULL,NULL,'false',NULL,NULL,NULL,'false'),('9a4506cb52de4e18846033fc35afe78b','97e45052920d4eb79ef1ede403d49dfb','CTIME','ctime','CTIME',NULL,'true','true','text','true',NULL,16,NULL,NULL,NULL,'false',NULL,NULL,NULL,'false'),('167ee67551e0418fbed3cdf87aae453c','97e45052920d4eb79ef1ede403d49dfb','C_BY','cBy','C_BY',NULL,'true','true','text','true',NULL,17,NULL,NULL,NULL,'false',NULL,NULL,NULL,'false'),('584d90441a9d47c1a3a38a2a02816a0e','97e45052920d4eb79ef1ede403d49dfb','C_BY_NAME','cByName','C_BY_NAME',NULL,'true','true','text','true',NULL,18,NULL,NULL,NULL,'false',NULL,NULL,NULL,'false'),('707022a76b80454abe199096a5497aea','97e45052920d4eb79ef1ede403d49dfb','PARK_FROM','parkFrom','0后台，1前端',NULL,'true','true','text','true',NULL,19,NULL,NULL,NULL,'false',NULL,NULL,NULL,'false'),('953db46d20dd4a12836e9daff0fc4bc7','7788a35d2edb4624bae9dd43161a7dad','ID','id','ID',NULL,'true','true','text','true',NULL,0,NULL,NULL,NULL,'false',NULL,NULL,NULL,'false'),('abb1605db8184f1a8f2205a61fe791ff','7788a35d2edb4624bae9dd43161a7dad','PARK_NAME','parkName','停车点名称',NULL,'true','true','text','true',NULL,1,NULL,NULL,NULL,'false',NULL,NULL,NULL,'true'),('ab5dfdbbd9734433b211b79667bb0da7','7788a35d2edb4624bae9dd43161a7dad','ADDRESS','address','地址',NULL,'true','true','text','true',NULL,2,NULL,NULL,NULL,'false',NULL,NULL,NULL,'false'),('3eeeb48f8a114e9198072929413aadbb','7788a35d2edb4624bae9dd43161a7dad','SHORT_NAME','shortName','停车点简称',NULL,'true','true','text','true',NULL,3,NULL,NULL,NULL,'false',NULL,NULL,NULL,'false'),('34f8a0f714af410c835ecea7cfb070e1','7788a35d2edb4624bae9dd43161a7dad','PARK_CODE','parkCode','停车点编号',NULL,'true','true','text','true',NULL,4,NULL,NULL,NULL,'false',NULL,NULL,NULL,'false'),('0d9e2d3f818e464089a3b26db4a12bb5','7788a35d2edb4624bae9dd43161a7dad','REMARK','remark','备注',NULL,'true','true','text','true',NULL,5,NULL,NULL,NULL,'false',NULL,NULL,NULL,'false'),('777b7bad651343daba04b77a5f1433b8','7788a35d2edb4624bae9dd43161a7dad','MAPX','mapx','地图x',NULL,'true','true','text','true',NULL,6,NULL,NULL,NULL,'false',NULL,NULL,NULL,'false'),('742ced8c66cf4ef1894793349a6dc60c','7788a35d2edb4624bae9dd43161a7dad','MAPY','mapy','地图y',NULL,'true','true','text','true',NULL,7,NULL,NULL,NULL,'false',NULL,NULL,NULL,'false'),('a405a31ec752439badd160b783a1f38c','7788a35d2edb4624bae9dd43161a7dad','PARK_FEE','parkFee','收费信息',NULL,'true','true','text','true',NULL,8,NULL,NULL,NULL,'false',NULL,NULL,NULL,'false'),('d9ac69fd10a544b090a7b9e085d54208','7788a35d2edb4624bae9dd43161a7dad','PARK_TYPE','parkType','停车点类型',NULL,'true','true','text','true',NULL,9,NULL,NULL,NULL,'false',NULL,NULL,NULL,'false'),('f5e5030f94c447baa81d71a03b03beff','7788a35d2edb4624bae9dd43161a7dad','OPEN_TIME','openTime','营业时间',NULL,'true','true','text','true',NULL,10,NULL,NULL,NULL,'false',NULL,NULL,NULL,'false'),('685dcfaef38c4db1b5cf64fe34025ff9','7788a35d2edb4624bae9dd43161a7dad','FREE_LEVEL','freeLevel','已满、繁忙、拥挤、空闲',NULL,'true','true','text','true',NULL,11,NULL,NULL,NULL,'false',NULL,NULL,NULL,'false'),('41c3e343c31f4e1e8d33e45b876e5f18','7788a35d2edb4624bae9dd43161a7dad','PARK_COUNT','parkCount','总位数',NULL,'true','true','text','true',NULL,12,NULL,NULL,NULL,'false',NULL,NULL,NULL,'false'),('83e1561464594f8c9e37d50f1fd05136','7788a35d2edb4624bae9dd43161a7dad','PARK_LESS','parkLess','剩余位数',NULL,'true','true','text','true',NULL,13,NULL,NULL,NULL,'false',NULL,NULL,NULL,'false'),('8ed0e76236da4c25a88c9745c85fe4d8','7788a35d2edb4624bae9dd43161a7dad','APPOINTMENT','appointment','是否预约',NULL,'true','true','text','true',NULL,14,NULL,NULL,NULL,'false',NULL,NULL,NULL,'false'),('d5786d4f8bfa41c893e897a8aacff7db','7788a35d2edb4624bae9dd43161a7dad','CTIME','ctime','CTIME',NULL,'true','true','text','true',NULL,15,NULL,NULL,NULL,'false',NULL,NULL,NULL,'false'),('e76096bcc2a34aa088b9caca1ee4689c','7788a35d2edb4624bae9dd43161a7dad','C_BY','cBy','C_BY',NULL,'true','true','text','true',NULL,16,NULL,NULL,NULL,'false',NULL,NULL,NULL,'false'),('d9931a2a561d43fa867677201a909aaf','7788a35d2edb4624bae9dd43161a7dad','C_BY_NAME','cByName','C_BY_NAME',NULL,'true','true','text','true',NULL,17,NULL,NULL,NULL,'false',NULL,NULL,NULL,'false'),('e297805fe1254678a933eb863a5ec1ed','7788a35d2edb4624bae9dd43161a7dad','CHECK_BY','checkBy','CHECK_BY',NULL,'true','true','text','true',NULL,18,NULL,NULL,NULL,'false',NULL,NULL,NULL,'false'),('065808186b5148218debf49f73a728b5','7788a35d2edb4624bae9dd43161a7dad','CHECK_TIME','checkTime','CHECK_TIME',NULL,'true','true','text','true',NULL,19,NULL,NULL,NULL,'false',NULL,NULL,NULL,'false'),('84abb7ec5f674f4c8ec6e83a0566d773','8e38f82626fb4dfb8309a4ba006ac5af','ID','id','ID',NULL,'true','true','text','true',NULL,0,NULL,NULL,NULL,'false',NULL,NULL,NULL,'false'),('ee198382b9f54648bde05e3d05284c8b','8e38f82626fb4dfb8309a4ba006ac5af','P_USER_ID','pUserId','P_USER_ID',NULL,'true','true','text','true',NULL,1,NULL,NULL,NULL,'false',NULL,NULL,NULL,'false'),('2a79da7b2fa44b4aa752e25a830b373c','8e38f82626fb4dfb8309a4ba006ac5af','P_INFO_ID','pInfoId','P_INFO_ID',NULL,'true','true','text','true',NULL,2,NULL,NULL,NULL,'false',NULL,NULL,NULL,'false'),('dc8379cf9e754471b77690d0990e37b1','8e38f82626fb4dfb8309a4ba006ac5af','P_INFO_NAME','pInfoName','P_INFO_NAME',NULL,'true','true','text','true',NULL,3,NULL,NULL,NULL,'false',NULL,NULL,NULL,'true'),('437b24c971eb48378fbbc17129fe1d1f','8e38f82626fb4dfb8309a4ba006ac5af','CTIME','ctime','CTIME',NULL,'true','true','text','true',NULL,4,NULL,NULL,NULL,'false',NULL,NULL,NULL,'false'),('5a7ba42bf562454fbfe313fabadbb745','4f0ec1ac5f4a42f5aea61d6594e96d04','ID','id','ID',NULL,'true','true','text','true',NULL,0,NULL,NULL,NULL,'false',NULL,NULL,NULL,'false'),('655491c47dcf46bdb39358b3a675f61e','4f0ec1ac5f4a42f5aea61d6594e96d04','USER_ID','userId','USER_ID',NULL,'true','true','text','true',NULL,1,NULL,NULL,NULL,'false',NULL,NULL,NULL,'false'),('00c71ba46a8948ecacdf1718909ab31e','4f0ec1ac5f4a42f5aea61d6594e96d04','USER_NAME','userName','USER_NAME',NULL,'true','true','text','true',NULL,2,NULL,NULL,NULL,'false',NULL,NULL,NULL,'true'),('f2bd29b13b274bba9be528e05bc08314','4f0ec1ac5f4a42f5aea61d6594e96d04','USER_PWD','userPwd','USER_PWD',NULL,'true','true','text','true',NULL,3,NULL,NULL,NULL,'false',NULL,NULL,NULL,'false'),('fea40ff8734f485bb11cb6ba407ca355','4f0ec1ac5f4a42f5aea61d6594e96d04','USER_EMAIL','userEmail','USER_EMAIL',NULL,'true','true','text','true',NULL,4,NULL,NULL,NULL,'false',NULL,NULL,NULL,'true'),('e194949a13a34a9ebc4b73ba2a9695c1','4f0ec1ac5f4a42f5aea61d6594e96d04','USER_MOBILE','userMobile','USER_MOBILE',NULL,'true','true','text','true',NULL,5,NULL,NULL,NULL,'false',NULL,NULL,NULL,'true'),('6390522a135041e29adcbcd9338291a8','4f0ec1ac5f4a42f5aea61d6594e96d04','USER_TYPE','userType','USER_TYPE',NULL,'true','true','text','true',NULL,6,NULL,NULL,NULL,'false',NULL,NULL,NULL,'true'),('6a585b4f5e3b448aa7b3c805f0f8a0df','4f0ec1ac5f4a42f5aea61d6594e96d04','CREATE_TIME','createTime','CREATE_TIME',NULL,'true','true','text','true',NULL,7,NULL,NULL,NULL,'false',NULL,NULL,NULL,'false'),('8fc45d9be79645be82fa985a774b53e5','4f0ec1ac5f4a42f5aea61d6594e96d04','POINT','point','积分',NULL,'true','true','text','true',NULL,8,NULL,NULL,NULL,'false',NULL,NULL,NULL,'false'),('8613850730c14917a9a7f183d62de5b8','4f0ec1ac5f4a42f5aea61d6594e96d04','SCORE','score','成长值',NULL,'true','true','text','true',NULL,9,NULL,NULL,NULL,'false',NULL,NULL,NULL,'false'),('69ab19202ed34d87937d1dfc4bfc4bb5','0d16bf8ecc16429cb083cb0e149a8379','ID','id','ID',NULL,'true','true','text','true',NULL,0,NULL,NULL,NULL,'false',NULL,NULL,NULL,'false'),('f976954ca9f54c9abf99cfb17d20aa1e','0d16bf8ecc16429cb083cb0e149a8379','USER_ID','userId','USER_ID',NULL,'true','true','text','true',NULL,1,NULL,NULL,NULL,'false',NULL,NULL,NULL,'false'),('32019711d0d94c83acf1017722571a64','0d16bf8ecc16429cb083cb0e149a8379','USER_EXT_PROVINCE','userExtProvince','USER_EXT_PROVINCE',NULL,'true','true','text','true',NULL,2,NULL,NULL,NULL,'false',NULL,NULL,NULL,'false'),('294529497452492bb3234ae8fbb6449a','0d16bf8ecc16429cb083cb0e149a8379','USER_EXT_CITY','userExtCity','USER_EXT_CITY',NULL,'true','true','text','true',NULL,3,NULL,NULL,NULL,'false',NULL,NULL,NULL,'false'),('8366732792134f53b16c9d8135b92b8e','0d16bf8ecc16429cb083cb0e149a8379','USER_EXT_ADDRESS','userExtAddress','USER_EXT_ADDRESS',NULL,'true','true','text','true',NULL,4,NULL,NULL,NULL,'false',NULL,NULL,NULL,'false'),('a40f0b1913144d55b49c8eab63bc0b56','0d16bf8ecc16429cb083cb0e149a8379','USER_EXT_ZIPCODE','userExtZipcode','USER_EXT_ZIPCODE',NULL,'true','true','text','true',NULL,5,NULL,NULL,NULL,'false',NULL,NULL,NULL,'false'),('28060057ae4e4e1190b694a2fdaf7a9b','0d16bf8ecc16429cb083cb0e149a8379','USER_EXT_PHONE','userExtPhone','USER_EXT_PHONE',NULL,'true','true','text','true',NULL,6,NULL,NULL,NULL,'false',NULL,NULL,NULL,'false'),('9a302cec8c2c4bf89af5998e5e3ab320','2de65730ab9c46fc87ca0ebbefd56f88','ID','id','ID',NULL,'true','true','text','true',NULL,0,NULL,NULL,NULL,'false',NULL,NULL,NULL,'false'),('b7fbf4d1d7f44e1c9d8ff10666973465','2de65730ab9c46fc87ca0ebbefd56f88','USERNAME','username','USERNAME',NULL,'true','true','text','true',NULL,1,NULL,NULL,NULL,'false',NULL,NULL,NULL,'true'),('8bb95e6221b04c8b868f91f38b6b1cd9','2de65730ab9c46fc87ca0ebbefd56f88','PASSWORD','password','PASSWORD',NULL,'true','true','text','true',NULL,2,NULL,NULL,NULL,'false',NULL,NULL,NULL,'false'),('8d2c412482c241dea3dbb8b12775871e','2de65730ab9c46fc87ca0ebbefd56f88','REALNAME','realname','REALNAME',NULL,'true','true','text','true',NULL,3,NULL,NULL,NULL,'false',NULL,NULL,NULL,'false');

UNLOCK TABLES;

/*Table structure for table `config_basic_info` */

DROP TABLE IF EXISTS `config_basic_info`;

CREATE TABLE `config_basic_info` (
  `ID` varchar(32) DEFAULT NULL,
  `SCENARIO_NAME` varchar(64) DEFAULT NULL,
  `ENGLISH_NAME` varchar(64) DEFAULT NULL,
  `CONFIG_TYPE` varchar(2) DEFAULT NULL,
  `PACKAGE_PATCH` varchar(120) DEFAULT NULL,
  `TABLE_OBJECT_NAME` varchar(64) DEFAULT NULL,
  `DEL_FLAG` varchar(2) DEFAULT NULL,
  `CREATE_DATE` datetime DEFAULT NULL,
  `DB_TYPE` varchar(32) DEFAULT NULL
) ENGINE=InnoDB DEFAULT CHARSET=utf8;

/*Data for the table `config_basic_info` */

LOCK TABLES `config_basic_info` WRITE;

insert  into `config_basic_info`(`ID`,`SCENARIO_NAME`,`ENGLISH_NAME`,`CONFIG_TYPE`,`PACKAGE_PATCH`,`TABLE_OBJECT_NAME`,`DEL_FLAG`,`CREATE_DATE`,`DB_TYPE`) values ('8e281699d9de4aa0a38399d448d01161','论坛分类','zj_bbs_plate',NULL,'com.gpp.plate','ZjBbsPlate',NULL,'2013-12-13 15:45:39','79fc05f5932547e7a5efc9f84f6a784c'),('196a75db72db4068a8a1e547e715b891','会员银行管理','hyd_member_bank',NULL,'com.hyd.member','HydMemberBank',NULL,'2013-12-13 20:00:43','fa00130cad6044fda2cd34eefe392fd0'),('7c600175cfef44a482283561952bea44','城市','bas_county',NULL,'com.v8','BasCounty',NULL,'2013-12-18 19:43:46','bdeb6709da5943a5aed4697e0fde8ae8'),('ad9ca6aad8254d8a875a18250994b0df','参数','bas_parameters',NULL,'com.v8','BasParameters',NULL,'2013-12-19 09:11:51','bdeb6709da5943a5aed4697e0fde8ae8'),('0cbd5d507d78459eb2273dbc14db440e','订单发货点','ord_delivery_point',NULL,'com.v8','OrdDeliveryPoint',NULL,'2014-01-07 14:13:17','bdeb6709da5943a5aed4697e0fde8ae8'),('ecbe934e67b646e4b810a64a7e9e884d','支付方式','ord_paykind',NULL,'com.v8','OrdPaykind',NULL,'2014-01-07 15:05:15','bdeb6709da5943a5aed4697e0fde8ae8'),('63706f07dae54adab3c5a553d761c8f5','行业明细','wp_hymx',NULL,'system','WpHymx',NULL,'2014-01-14 13:54:35','b84f3fafc53642bd81bb345682666326'),('26bbe85dd0f94e70800edef4366279f7','订单','ord_order',NULL,'com.v8','OrdOrder',NULL,'2014-02-07 09:23:18','bdeb6709da5943a5aed4697e0fde8ae8'),('7497602012f44033b79d4559707d336d','订单地址','ord_order_address',NULL,'com.v8','OrdOrderAddress',NULL,'2014-02-07 15:21:33','bdeb6709da5943a5aed4697e0fde8ae8'),('d739f1bd095a4a44a1b7121b44469019','派单','snd_dispatch',NULL,'com.v8','SndDispatch',NULL,'2014-02-14 09:37:10','bdeb6709da5943a5aed4697e0fde8ae8'),('fd2793240968432a908b0889e53b42b3','派工列表','snd_dispatch_list',NULL,'com.v8','SndDispatchList',NULL,'2014-02-14 16:00:58','bdeb6709da5943a5aed4697e0fde8ae8'),('cb399db783b0468885d51e9c9803c3a3','捡货','snd_pick',NULL,'com.v8','SndPick',NULL,'2014-02-16 00:31:29','bdeb6709da5943a5aed4697e0fde8ae8'),('d87ed9e987c847f88c6a9313ab00b3d3','订单列表','snd_pick_list',NULL,'com.v8','SndPickList',NULL,'2014-02-16 01:03:34','bdeb6709da5943a5aed4697e0fde8ae8'),('794d20bc565643feb43ae50ba4ddc0bb','拣货单商品','snd_pick_check',NULL,'com.v8','SndPickCheck',NULL,'2014-02-16 01:37:33','bdeb6709da5943a5aed4697e0fde8ae8'),('24160a71b6524a87b93a942caf079c4a','规格','cat_norm',NULL,'com.v8','CatNorm',NULL,'2014-02-17 20:48:32','bdeb6709da5943a5aed4697e0fde8ae8'),('48aa30c76ed8452484943539c7163803','支付','ord_pay_info',NULL,'com.v8','OrdPayInfo',NULL,'2014-02-20 19:25:02','bdeb6709da5943a5aed4697e0fde8ae8'),('9db8dc2fd128409eb01d6c61b6c72699','流程','ord_order_flow',NULL,'com.v8','OrdOrderFlow',NULL,'2014-02-21 09:46:04','bdeb6709da5943a5aed4697e0fde8ae8'),('d5c826154bb74937a869bacd21b6ceac','退款申请','ord_refund_info',NULL,'com.v8','OrdRefundInfo',NULL,'2014-02-25 19:30:15','bdeb6709da5943a5aed4697e0fde8ae8'),('86920d2785ca4e4f9d6f3df71017266e','服务','usr_user_service',NULL,'com.v8','UsrUserService',NULL,'2014-02-26 18:36:49','bdeb6709da5943a5aed4697e0fde8ae8'),('235d7bfd35b34bf19754e104cbc0ca12','商品分类','cat_catalog',NULL,'com.v8','CatCatalog',NULL,'2014-02-26 19:16:44','bdeb6709da5943a5aed4697e0fde8ae8'),('9c0fb96400064cfea1006a6bd20c4d42','属性','cat_catalog_property',NULL,'com.v8','CatCatalogProperty',NULL,'2014-02-26 19:20:58','bdeb6709da5943a5aed4697e0fde8ae8'),('5a3d3c99be8f4aaebb467b1cf6b45c58','订单流程','ord_order_flow_info',NULL,'com.v8','OrdOrderFlowInfo',NULL,'2014-02-28 10:07:43','bdeb6709da5943a5aed4697e0fde8ae8'),('cc027f66b6774327b52d36a668f99e67','usr_message','usr_message',NULL,'com.v8','UsrMessage',NULL,'2014-03-05 16:58:50','bdeb6709da5943a5aed4697e0fde8ae8'),('deaf94e74934428bba6dddce09f606c6','cat_norm_dt','cat_norm_dt',NULL,'com.v8','CatNormDt',NULL,'2014-03-05 17:18:55','bdeb6709da5943a5aed4697e0fde8ae8'),('f917d835a99d474ba7136034320e0aae','11','bas_province',NULL,'com.v8','BasProvince',NULL,'2014-03-10 16:23:09','bdeb6709da5943a5aed4697e0fde8ae8'),('717462428d9240f88019ec2cc7bfe0c9','123','bas_city',NULL,'com.v8','BasCity',NULL,'2014-03-10 16:23:22','bdeb6709da5943a5aed4697e0fde8ae8'),('172912da01fb46449c529456206c2f4c','213','bas_county',NULL,'com.v8','BasCounty',NULL,'2014-03-10 16:23:30','bdeb6709da5943a5aed4697e0fde8ae8'),('fd27e4abc1f0493d845035f8a046f8f1','商品','cat_product',NULL,'com.v8','CatProduct',NULL,'2014-03-11 09:22:07','bdeb6709da5943a5aed4697e0fde8ae8'),('fe26996898b047e6bcbe8a79b97c3170','注册项','usr_user_reg_item',NULL,'com.v8','UsrUserRegItem',NULL,'2014-03-11 18:59:25','bdeb6709da5943a5aed4697e0fde8ae8'),('5db2c90497e046e08c58932d122bc024','税种税目','wp_pmsz',NULL,'system','WpPmsz',NULL,'2014-03-12 17:35:09','b84f3fafc53642bd81bb345682666326'),('5ff1ecd3ce694e1a8bc0b2145f26c444','菜单','security_menu',NULL,'system','SecurityMenu',NULL,'2014-03-13 09:23:06','b84f3fafc53642bd81bb345682666326'),('25d0990b7bd64b9ca0f425b8a7f59db3','角色','security_role',NULL,'system','SecurityRole',NULL,'2014-03-13 09:56:28','b84f3fafc53642bd81bb345682666326'),('f68c4583d01b4d1abddb58cbaf5410a5','用户','security_user',NULL,'system','SecurityUser',NULL,'2014-03-13 11:22:56','b84f3fafc53642bd81bb345682666326'),('6bd28494c24c4ff39f6850343f37942c','税务机关','wp_swjg',NULL,'system','WpSwjg',NULL,'2014-03-13 11:43:50','b84f3fafc53642bd81bb345682666326'),('0b9144437bfc41709fffae8033f0e5e3','机器型号','wp_jqxh',NULL,'system','WpJqxh',NULL,'2014-03-14 11:40:49','b84f3fafc53642bd81bb345682666326'),('e13f60dcb79f4d759b505a893bcdd906','票种','wp_pzbm',NULL,'system','WpPzbm',NULL,'2014-03-14 11:41:36','b84f3fafc53642bd81bb345682666326'),('00b29c6b35a44548928479d54d4190a4','纳税人信息查询','wp_nsrxx',NULL,'cxtj','WpNsrxx',NULL,'2014-03-14 11:48:42','b84f3fafc53642bd81bb345682666326'),('01a303c2a9bc4db4977ca2bbf83770e4','机器查询统计','wp_jqxx',NULL,'cxtj','WpJqxx',NULL,'2014-03-14 11:49:17','b84f3fafc53642bd81bb345682666326'),('a7ddb49532814c2a88358d8bea363e6b','发票卷','wp_fpj',NULL,'invoice','WpFpj',NULL,'2014-03-14 14:12:47','b84f3fafc53642bd81bb345682666326'),('ce9aa24501cd4c978c58141c0bb82c2f',NULL,'cat_product_ext',NULL,'com.v8','CatProductExt',NULL,'2014-03-14 23:57:50','bdeb6709da5943a5aed4697e0fde8ae8'),('6682bac36ea74b69ac95342bb28af931',NULL,'cat_product_fittings',NULL,'com.v8','CatProductFittings',NULL,'2014-03-14 23:58:06','bdeb6709da5943a5aed4697e0fde8ae8'),('1bd34d51b68a4f069c93b83588dc0f52',NULL,'cat_product_seo',NULL,'com.v8','CatProductSeo',NULL,'2014-03-14 23:58:22','bdeb6709da5943a5aed4697e0fde8ae8'),('de10fb3233004c0ca4f3580340913707',NULL,'cat_product_combination',NULL,'com.v8','CatProductCombination',NULL,'2014-03-14 23:58:42','bdeb6709da5943a5aed4697e0fde8ae8'),('a32090fd9835408baa0bcd3c09b501f7','快递模版','snd_delivery_template',NULL,'com.v8','SndDeliveryTemplate',NULL,'2014-03-15 12:48:07','bdeb6709da5943a5aed4697e0fde8ae8'),('34ad1c13d0cd4ca1945a3fc47cc560bc','文章','news_article',NULL,'com.v8','NewsArticle',NULL,'2014-03-22 23:38:07','bdeb6709da5943a5aed4697e0fde8ae8'),('7644618589b041559b3bfe4777e6b452','文章分类','news_category',NULL,'com.v8','NewsCategory',NULL,'2014-03-22 23:38:21','bdeb6709da5943a5aed4697e0fde8ae8'),('43933c767d5a44a9a0e41c512684859f','combination','cat_product_combination',NULL,'com.v8','CatProductCombination',NULL,'2014-03-23 21:36:39','bdeb6709da5943a5aed4697e0fde8ae8'),('2fd0414e0dbc41229a8b5b3e72923754',NULL,'org_menu_normal',NULL,'com.v8','OrgMenuNormal',NULL,'2014-03-25 11:06:25','bdeb6709da5943a5aed4697e0fde8ae8'),('962c1035561a41cb925eeb7e987b3ac9','导航','bas_navigation',NULL,'com.v8','BasNavigation',NULL,'2014-03-28 11:40:59','bdeb6709da5943a5aed4697e0fde8ae8'),('3082ae6cfb554f6b9ec0355a4b65024d','sal_promotion','sal_promotion',NULL,'com.v8','SalPromotion',NULL,'2014-03-31 14:31:31','bdeb6709da5943a5aed4697e0fde8ae8'),('54687e7eff7d4cfd9aa08224421c2fbc','promotion_column','sal_promotion_column',NULL,'com.v8','SalPromotionColumn',NULL,'2014-03-31 14:31:57','bdeb6709da5943a5aed4697e0fde8ae8'),('4e6ef4527bc144a5b99e627fbf62105c','promotion_type','sal_promotion_type',NULL,'com.v8','SalPromotionType',NULL,'2014-03-31 14:32:27','bdeb6709da5943a5aed4697e0fde8ae8'),('0a19411006504beb97dbeba4fee92787','promotion_relation','sal_promotion_relation',NULL,'com.v8','SalPromotionRelation',NULL,'2014-03-31 14:32:50','bdeb6709da5943a5aed4697e0fde8ae8'),('9ab434b9c9da4c8d850f2c64f1a18fa2','promotion_product','sal_promotion_product',NULL,'com.v8','SalPromotionProduct',NULL,'2014-03-31 14:33:11','bdeb6709da5943a5aed4697e0fde8ae8'),('1d09b5973eb34ca888aca51712a6f1b6','promotion_no_product','sal_promotion_no_product',NULL,'com.v8','SalPromotionNoProduct',NULL,'2014-03-31 14:33:30','bdeb6709da5943a5aed4697e0fde8ae8'),('528fb36b34cf42e4add0d631b94b4e37','promotion_largess','sal_promotion_largess',NULL,'com.v8','SalPromotionLargess',NULL,'2014-03-31 14:34:02','bdeb6709da5943a5aed4697e0fde8ae8'),('a77fffee72cf489d9bea77a06a16e0e3',NULL,'bas_advertisement',NULL,'com.v8','BasAdvertisement',NULL,'2014-04-22 23:14:50','bdeb6709da5943a5aed4697e0fde8ae8'),('ab6a42de10fc411f99fb8a8fdb9ba194',NULL,'bas_advertisement_img',NULL,'com.v8','BasAdvertisementImg',NULL,'2014-04-22 23:14:59','bdeb6709da5943a5aed4697e0fde8ae8'),('eee58a8560df4ed0950e1b70395f1216','支付插件','ord_pay_type',NULL,'com.v8','OrdPayType',NULL,'2014-05-06 09:53:26','bdeb6709da5943a5aed4697e0fde8ae8'),('6e1373d111a04bf7a429cec0c0145049','淘宝商品','tb_cat_product',NULL,'com.v8','TbCatProduct',NULL,'2014-06-13 22:46:56','bdeb6709da5943a5aed4697e0fde8ae8'),('0076902887154cc39efeb86065be6ea9','淘宝订单','tb_ord_order',NULL,'com.v8','TbOrdOrder',NULL,'2014-06-13 22:48:00','bdeb6709da5943a5aed4697e0fde8ae8'),('75bf3de3c2df4b06a8aaec1b079c2baa','淘宝订单收货地址','tb_ord_order_address',NULL,'com.v8','TbOrdOrderAddress',NULL,'2014-06-13 22:48:26','bdeb6709da5943a5aed4697e0fde8ae8'),('f47357698f324e16ac32196de965c277','淘宝订单流程','tb_ord_order_flow',NULL,'com.v8','TbOrdOrderFlow',NULL,'2014-06-13 22:48:46','bdeb6709da5943a5aed4697e0fde8ae8'),('d65eb88bafab4a4b965f9b1eef754f07','淘宝订单处理流程','tb_ord_order_flow_info',NULL,'com.v8','TbOrdOrderFlowInfo',NULL,'2014-06-13 22:49:08','bdeb6709da5943a5aed4697e0fde8ae8'),('64707c5d608747f4b9fa9e46e9c4e21f','淘宝订单商品表','tb_ord_order_list',NULL,'com.v8','TbOrdOrderList',NULL,'2014-06-13 22:49:26','bdeb6709da5943a5aed4697e0fde8ae8'),('33626b3d686a4e539cf54544356e45d4','模版分类','ubc_template_type',NULL,'system','UbcTemplateType',NULL,'2014-06-20 09:12:23','01681926e1354a629b48b6d92316a4ff'),('fd91c816e7ef4503a2ff201281307db4','菜品','menu_dish',NULL,'cn.samehope','MenuDish',NULL,'2014-07-03 22:34:47','9fdbf5d34fec47979d6805f129a0f390'),('97e45052920d4eb79ef1ede403d49dfb','parking_info','parking_info',NULL,'cn.samehope.parkinginfo','ParkingInfo',NULL,'2014-07-24 21:00:48','434327ff8be140f5901f75e4579f74a2'),('7788a35d2edb4624bae9dd43161a7dad','parking_info_check','parking_info_check',NULL,'cn.samehope.parkinginfocheck','ParkingInfoCheck',NULL,'2014-07-24 21:01:24','434327ff8be140f5901f75e4579f74a2'),('8e38f82626fb4dfb8309a4ba006ac5af','日志','parking_info_log',NULL,'cn.samehope.parkinginfolog','ParkingInfoLog',NULL,'2014-07-24 21:01:52','434327ff8be140f5901f75e4579f74a2'),('4f0ec1ac5f4a42f5aea61d6594e96d04','用户','parking_user',NULL,'cn.samehope.parkinguser','ParkingUser',NULL,'2014-07-24 21:02:27','434327ff8be140f5901f75e4579f74a2'),('0d16bf8ecc16429cb083cb0e149a8379','用户扩展','parking_user_ext',NULL,'cn.samehope.parkinguserext','ParkingUserExt',NULL,'2014-07-24 21:02:49','434327ff8be140f5901f75e4579f74a2'),('2de65730ab9c46fc87ca0ebbefd56f88','用户','user',NULL,'cn.samehope.user','User',NULL,'2014-07-24 21:03:15','434327ff8be140f5901f75e4579f74a2');

UNLOCK TABLES;

/*Table structure for table `config_sub_info` */

DROP TABLE IF EXISTS `config_sub_info`;

CREATE TABLE `config_sub_info` (
  `ID` varchar(32) NOT NULL,
  `CONFIG_BASIC_INFO_ID` varchar(32) DEFAULT NULL,
  `SUB_CHINA_NAME` varchar(64) DEFAULT NULL,
  `SUB_ENGLISH_NAME` varchar(64) DEFAULT NULL,
  `SUB_OBJECT_NAME` varchar(64) DEFAULT NULL,
  `DEL_FLAG` varchar(2) DEFAULT NULL,
  `CREATE_DATE` datetime DEFAULT NULL,
  `MAIN_FIELD` varchar(64) DEFAULT NULL,
  `SUB_FIELD` varchar(64) DEFAULT NULL,
  `ORDER_TABLE` varchar(64) DEFAULT NULL,
  `SINGLE_RECORD` varchar(1) DEFAULT NULL,
  PRIMARY KEY (`ID`)
) ENGINE=InnoDB DEFAULT CHARSET=utf8;

/*Data for the table `config_sub_info` */

LOCK TABLES `config_sub_info` WRITE;

UNLOCK TABLES;

/*Table structure for table `db_config_info` */

DROP TABLE IF EXISTS `db_config_info`;

CREATE TABLE `db_config_info` (
  `ID` varchar(32) DEFAULT NULL,
  `NAME` varchar(64) DEFAULT NULL,
  `DBDRIVER` varchar(128) DEFAULT NULL,
  `HOST` varchar(64) DEFAULT NULL,
  `POST` varchar(20) DEFAULT NULL,
  `SERVICE_NAME` varchar(64) DEFAULT NULL,
  `DBSCHEMA` varchar(64) DEFAULT NULL,
  `DBUSER_NAME` varchar(64) DEFAULT NULL,
  `PASSWORD` varchar(64) DEFAULT NULL,
  `DB_URL` varchar(128) DEFAULT NULL,
  `DEL_FLAG` varchar(2) DEFAULT NULL,
  `CREATE_DATE` datetime DEFAULT NULL,
  `DB_NAME` varchar(64) DEFAULT NULL
) ENGINE=InnoDB DEFAULT CHARSET=utf8;

/*Data for the table `db_config_info` */

LOCK TABLES `db_config_info` WRITE;

insert  into `db_config_info`(`ID`,`NAME`,`DBDRIVER`,`HOST`,`POST`,`SERVICE_NAME`,`DBSCHEMA`,`DBUSER_NAME`,`PASSWORD`,`DB_URL`,`DEL_FLAG`,`CREATE_DATE`,`DB_NAME`) values ('79fc05f5932547e7a5efc9f84f6a784c','MYSQL','com.mysql.jdbc.Driver','localhost','3306','dwzcode','ROOT','root','111111','jdbc:mysql://localhost:3306/dwzcode',NULL,'2013-12-11 16:59:11','dwzcode'),('38f3eb312672429989397c42cb3bd8a7','ORACLE','com.mysql.jdbc.Driver','localhost','3306','hyd','ROOT','root','111111','jdbc:mysql://localhost:3306/hyd',NULL,'2013-12-11 16:39:21','hyd'),('acda01de68bf41eb998259d8129bbcb8','MYSQL','com.mysql.jdbc.Driver','localhost','3306',NULL,NULL,'root','11111','jdbc:mysql://localhost:3306/hyd2013_news',NULL,'2013-12-11 16:56:15','hyd2013_news'),('c3d61983897a45ef8285df3db51ebd9d','MYSQL','com.mysql.jdbc.Driver','localhost','3306',NULL,NULL,'root','111111','jdbc:mysql://localhost:3306/jsdt_cpgl',NULL,'2013-12-11 17:00:41','jsdt_cpgl'),('fa00130cad6044fda2cd34eefe392fd0','MYSQL','com.mysql.jdbc.Driver','localhost','3306',NULL,'ROOT','root','111111','jdbc:mysql://localhost:3306/jfinalcodecreate',NULL,'2013-12-13 19:57:25','jfinalcodecreate'),('bdeb6709da5943a5aed4697e0fde8ae8','MYSQL','com.mysql.jdbc.Driver','localhost','3306',NULL,'ROOT','root','111111','jdbc:mysql://localhost:3306/v8db',NULL,'2013-12-18 19:41:20','v8db'),('b84f3fafc53642bd81bb345682666326','MYSQL','com.mysql.jdbc.Driver','localhost','3306',NULL,'ROOT','root','111111','jdbc:mysql://localhost:3306/jsdt_wpj',NULL,'2014-01-14 13:53:40','jsdt_wpj'),('48e2b99c8bb340c2b41e12b57f4fecbd','MYSQL','com.mysql.jdbc.Driver','localhost','3306',NULL,'ROOT','root','111111','jdbc:mysql://localhost:3306/erp',NULL,'2014-03-26 17:01:16','erp'),('01681926e1354a629b48b6d92316a4ff','MYSQL','com.mysql.jdbc.Driver','localhost','3306',NULL,'ROOT','root','111111','jdbc:mysql://localhost:3306/99tianxia',NULL,'2014-06-20 09:08:38','99tianxia'),('9fdbf5d34fec47979d6805f129a0f390','MYSQL','com.mysql.jdbc.Driver','localhost','3306',NULL,'ROOT','root','111111','jdbc:mysql://localhost:3306/order_dish',NULL,'2014-07-03 13:12:42','order_dish'),('434327ff8be140f5901f75e4579f74a2','MYSQL','com.mysql.jdbc.Driver','localhost','3306',NULL,'ROOT','root','111111','jdbc:mysql://localhost:3306/hzparking',NULL,'2014-07-24 20:59:47','hzparking');

UNLOCK TABLES;

/*Table structure for table `hyd_member_bank` */

DROP TABLE IF EXISTS `hyd_member_bank`;

CREATE TABLE `hyd_member_bank` (
  `ID` varchar(32) NOT NULL,
  `cardholder` varchar(50) DEFAULT NULL COMMENT '持卡人',
  `bank_name` varchar(200) DEFAULT NULL COMMENT '银行类型',
  `bank_no` varchar(50) DEFAULT NULL COMMENT '银行卡号',
  `bank_sub_branch` varchar(255) DEFAULT NULL COMMENT '开户行支行名称',
  `member_id` varchar(255) DEFAULT NULL COMMENT '会员ID',
  `is_default` varchar(10) DEFAULT NULL COMMENT '是否默认',
  PRIMARY KEY (`ID`)
) ENGINE=MyISAM DEFAULT CHARSET=utf8;

/*Data for the table `hyd_member_bank` */

LOCK TABLES `hyd_member_bank` WRITE;

insert  into `hyd_member_bank`(`ID`,`cardholder`,`bank_name`,`bank_no`,`bank_sub_branch`,`member_id`,`is_default`) values ('6e51b6bd6ace40a4a8dd8ec498e3ec91','网易1','11','234324','知道撒发奋读书',NULL,'true'),('6715a8a17ab8410e8ef4ff7ad357bba9','阿阿道夫','12','3242424324','都好好规划分局',NULL,'true'),('0883233edb9a455885adbad607553332','123','213','213','213123',NULL,'true');

UNLOCK TABLES;

/*Table structure for table `security_menu` */

DROP TABLE IF EXISTS `security_menu`;

CREATE TABLE `security_menu` (
  `id` varchar(32) DEFAULT NULL,
  `name` varchar(100) DEFAULT NULL,
  `description` varchar(111) DEFAULT NULL,
  `order_list` int(11) DEFAULT NULL,
  `img` varchar(111) DEFAULT NULL,
  `url` varchar(111) DEFAULT NULL,
  `parent_id` varchar(111) DEFAULT NULL,
  `type` varchar(100) DEFAULT NULL
) ENGINE=InnoDB DEFAULT CHARSET=utf8;

/*Data for the table `security_menu` */

LOCK TABLES `security_menu` WRITE;

insert  into `security_menu`(`id`,`name`,`description`,`order_list`,`img`,`url`,`parent_id`,`type`) values ('1','用户管理','用户管理',1,'1','/zjbbsplate','无','1'),('2','用户新增',NULL,2,'1','/dbconfiginfo/add',NULL,'0'),('3','11','1',1,'1','/dbconfiginfo',NULL,'1'),('4','324','234',4,'1','/login',NULL,NULL),('5','5','5',6,'1','/dbconfiginfo/add',NULL,NULL),('6','5','5',NULL,NULL,'/zjbbsplate/view','213','21'),('7','7','7',7,'7','/zjbbsplate/add','123','123'),('8','8','8',8,'8','/zjbbsplate/modify','123',NULL),('9','9','9',9,'9','/zjbbsplate/delete',NULL,NULL);

UNLOCK TABLES;

/*Table structure for table `security_organization` */

DROP TABLE IF EXISTS `security_organization`;

CREATE TABLE `security_organization` (
  `id` varchar(32) DEFAULT NULL,
  `description` varchar(100) DEFAULT NULL,
  `name` varchar(100) DEFAULT NULL,
  `parent_id` varchar(100) DEFAULT NULL
) ENGINE=InnoDB DEFAULT CHARSET=utf8;

/*Data for the table `security_organization` */

LOCK TABLES `security_organization` WRITE;

UNLOCK TABLES;

/*Table structure for table `security_organization_user` */

DROP TABLE IF EXISTS `security_organization_user`;

CREATE TABLE `security_organization_user` (
  `id` varchar(32) DEFAULT NULL,
  `user_id` varchar(32) DEFAULT NULL,
  `organization_id` varchar(32) DEFAULT NULL,
  `order_list` int(100) DEFAULT NULL
) ENGINE=InnoDB DEFAULT CHARSET=utf8;

/*Data for the table `security_organization_user` */

LOCK TABLES `security_organization_user` WRITE;

UNLOCK TABLES;

/*Table structure for table `security_role` */

DROP TABLE IF EXISTS `security_role`;

CREATE TABLE `security_role` (
  `id` varchar(32) NOT NULL,
  `code` varchar(100) DEFAULT NULL,
  `name` varchar(100) DEFAULT NULL,
  `description` varchar(200) DEFAULT NULL,
  PRIMARY KEY (`id`)
) ENGINE=InnoDB DEFAULT CHARSET=utf8;

/*Data for the table `security_role` */

LOCK TABLES `security_role` WRITE;

insert  into `security_role`(`id`,`code`,`name`,`description`) values ('1','user','11','superadmin'),('2','city','222','largeadmin'),('3','admin','123',NULL);

UNLOCK TABLES;

/*Table structure for table `security_role_menu` */

DROP TABLE IF EXISTS `security_role_menu`;

CREATE TABLE `security_role_menu` (
  `id` varchar(32) DEFAULT NULL,
  `role_id` varchar(32) DEFAULT NULL,
  `menu_id` varchar(32) DEFAULT NULL
) ENGINE=InnoDB DEFAULT CHARSET=utf8;

/*Data for the table `security_role_menu` */

LOCK TABLES `security_role_menu` WRITE;

insert  into `security_role_menu`(`id`,`role_id`,`menu_id`) values ('1','1','1'),('2','1','2'),('3','1','3'),('4','1','4'),('5','1','5'),('6','1','6'),('7','1','7'),('8','1','8'),('9','1','9'),('10','1','10');

UNLOCK TABLES;

/*Table structure for table `security_user` */

DROP TABLE IF EXISTS `security_user`;

CREATE TABLE `security_user` (
  `id` varchar(32) DEFAULT NULL,
  `create_time` datetime DEFAULT NULL,
  `email` varchar(100) DEFAULT NULL,
  `password` varchar(100) DEFAULT NULL,
  `phone` varchar(100) DEFAULT NULL,
  `realname` varchar(100) DEFAULT NULL,
  `status` varchar(100) DEFAULT NULL,
  `username` varchar(100) DEFAULT NULL,
  `org_id` varchar(32) DEFAULT NULL
) ENGINE=InnoDB DEFAULT CHARSET=utf8;

/*Data for the table `security_user` */

LOCK TABLES `security_user` WRITE;

insert  into `security_user`(`id`,`create_time`,`email`,`password`,`phone`,`realname`,`status`,`username`,`org_id`) values ('1','0000-00-00 00:00:00','1','2','1','1','1','admin','1');

UNLOCK TABLES;

/*Table structure for table `security_user_role` */

DROP TABLE IF EXISTS `security_user_role`;

CREATE TABLE `security_user_role` (
  `id` varchar(32) DEFAULT NULL,
  `user_id` varchar(32) DEFAULT NULL,
  `role_id` varchar(32) DEFAULT NULL
) ENGINE=InnoDB DEFAULT CHARSET=utf8;

/*Data for the table `security_user_role` */

LOCK TABLES `security_user_role` WRITE;

insert  into `security_user_role`(`id`,`user_id`,`role_id`) values ('1','1','1'),('2','1','2');

UNLOCK TABLES;

/*Table structure for table `zj_bbs_plate` */

DROP TABLE IF EXISTS `zj_bbs_plate`;

CREATE TABLE `zj_bbs_plate` (
  `id` varchar(32) NOT NULL,
  `form_name` varchar(200) DEFAULT NULL,
  `qybz` varchar(2) DEFAULT NULL,
  `orderList` int(11) DEFAULT NULL,
  `type_id` varchar(32) DEFAULT NULL,
  `ctime` datetime DEFAULT NULL,
  PRIMARY KEY (`id`)
) ENGINE=InnoDB DEFAULT CHARSET=utf8;

/*Data for the table `zj_bbs_plate` */

LOCK TABLES `zj_bbs_plate` WRITE;

insert  into `zj_bbs_plate`(`id`,`form_name`,`qybz`,`orderList`,`type_id`,`ctime`) values ('c55c85a0e51e4748a1e2751f7bd4c93a','aaa','1',1,NULL,'2013-12-13 16:39:53'),('d4087820805f459689ebaa7c00a1dca2','true','1',NULL,NULL,NULL),('ff22368538364c11bf0856f94a04746d','啊啊大放送','1',1,NULL,NULL);

UNLOCK TABLES;

/*!40101 SET SQL_MODE=@OLD_SQL_MODE */;
/*!40014 SET FOREIGN_KEY_CHECKS=@OLD_FOREIGN_KEY_CHECKS */;
/*!40014 SET UNIQUE_CHECKS=@OLD_UNIQUE_CHECKS */;
/*!40111 SET SQL_NOTES=@OLD_SQL_NOTES */;
